"ID","SENTENCE","ARG1","REL","ARG2","CONTEXT","A"
"1","O show ainda conta com as participações especiais dos cantores Zeca Pagodinho (apenas no DVD) e Dominguinhos.","O show ","conta com ","as participações especiais dos  cantores ","","1"
"2","Esse asteróide foi descoberto em 24 de Maio de 1931 por Cyril Jackson.","Esse asteróide ","foi descoberto em ","24 de Maio de 1931 por Cyril_Jackson ","","1"
"3","A Bélgica participou no Festival Eurovisão da Canção em 1983.","A Bélgica ","participou no   ","Festival_Eurovisão da  Canção em 1983 ","","1"
"4","O Association Sportive d'Origine Arménienne de Valence foi um clube de futebol francês.","O Association_Sportive "," d'Origine  Arménienne_de_Valence  foi  um  clube  de","futebol francês ","","0"
"",""," Arménienne_de_Valence foi um clube de futebol francês "," d'Origine","O Association_Sportive ","","0"
"5","Em tempos pré-históricos as cavernas protegiam os nossos antepassados das intempérides e dos animais selvagens.","as cavernas ","protegiam os nossos antepassados das   ","intempérides ","Em tempos pré - históricos ","1"
"6","Hirsch (asteróide 14214) é um asteróide da cintura principal , a 2,0188447 UA.","Hirsch ","é um asteróide da   ","cintura principal ","","1"
"",""," um asteróide da  cintura principal "," é","Hirsch ","","1"
"7","O Webster's Dictionary também define um enfant terrible como uma pessoa que geralmente tem sucesso e que é fortemente não ortodoxo, inovador ou de vanguarda.","O Webster's_Dictionary ","define ","um enfant ","","1"
"","","um enfant ","terrible como ","uma pessoa "," que geralmente tem sucesso e que é fortemente não ortodoxo","0"
"","","que ","é fortemente   não","ortodoxo ","","0"
"8","Luis Alfredo López (29 de agosto de 1986) é um futebolista profissional hondurenho que atua como atacante.","Luis_Alfredo_López ","é ","um futebolista profissional ","","1"
"","","hondurenho ","atua como ","atacante ","","1"
"","","um futebolista profissional ","é ","Luis_Alfredo_López ","","1"
"9","Joanna Dove Hayes (Williamsport, 23 de dezembro de 1976) é um atleta barreirista e campeã olímpica norte-americana.","Joanna_Dove_Hayes ","é um atleta barreirista","campeã olímpica ","","1"
"",""," um atleta barreirista e campeã olímpica "," é","Joanna_Dove_Hayes ","","1"
"10","O álbum segue a mesma linha lançada pelo artista no álbum Retropolis, e seguida em Stardust We Are.","O álbum ","segue ","a mesma linha ","","1"
"","","a mesma linha ","lançada pelo   ","artista no  álbum ","","1"
"11","Vojnik (em alemão: Hoheneck) é um município da Eslovênia.","Vojnik ","é um município da   ","Eslovênia ","","1"
"",""," um município da  Eslovênia "," é","Vojnik ","","1"
"12","São seis formas que Elta pode transformar dependendo da combinação dos orbs.","Elta ","pode transformar dependendo da   ","combinação dos  orbs ","","1"
"13","A autoridade científica da espécie é Fairmaire, tendo sido descrita no ano de 1857.","A autoridade científica da  espécie ","é ","Fairmaire ","","1"
"","","Fairmaire ","tendo sido descrita no   ","ano de 1857 ","","1"
"14","Sua menor audiência foi alcançada em 31 de dezembro de 2004, quando marcou apenas 17 pontos.","Sua menor audiência ","foi alcançada em ","31 de dezembro de 2004 "," quando marcou apenas 17 pontos","1"
"15","Pierre começou a jogar Futsal em 1985 nas escolinhas do clube Álvares Cabral em Vitória, ES.","Pierre ","começou a jogar Futsal em ","1985 nas  escolinhas do  clube ","","1"
"16","Richarnold (asteróide 20306) é um asteróide da cintura principal, a 2,2952118 UA.","Richarnold ","é um asteróide da   ","cintura principal ","","1"
"",""," um asteróide da  cintura principal "," é","Richarnold ","","1"
"17","O WWE Judgment Day foi um evento Pay-Per-View da WWE.","O WWE_Judgment_Day ","foi um evento Pay-Per-View da   ","WWE ","","1"
"",""," um evento Pay-Per-View da  WWE "," foi","O WWE_Judgment_Day ","","1"
"18","O primeiro serviço do MD-11 nos Estados Unidos ocorreu ainda em 1990 e foi inaugurado pela Delta Airlines.","O primeiro serviço do  MD-11 nos  Estados_Unidos ","ocorreu ainda em ","1990","","1"
"","","O primeiro serviço do  MD-11 nos  Estados_Unidos ","foi inaugurado pela   ","Delta_Airlines ","","1"
"19","Este asteroide foi descoberto no dia 31 de agosto de 2000 por LINEAR em Socorro.","Este asteroide ","foi descoberto no   ","dia 31 de agosto de 2000 por LINEAR em Socorro ","","1"
"20","Havana é uma cidade localizada no estado americano de Illinois, no Condado de Mason.","Havana ","é ","uma cidade ","","1"
"","","uma cidade ","localizada no   ","estado americano de Illinois ","","1"
"","","Havana ","localizada no   ","estado americano de Illinois ","","1"
"","","uma cidade ","é ","Havana ","","1"
"21","A Universidade Flinders (em inglês: Flinders University ou The Flinders University of South Australia) é uma universidade localizada na Austrália Meridional, Austrália.","A Universidade_Flinders ","é ","uma universidade ","","1"
"","","uma universidade ","localizada na   ","Austrália_Meridional "," em inglês : Flinders University ou The_Flinders_University_of_South_Australia","1"
"","","uma universidade ","localizada na   ","Austrália "," em inglês : Flinders University ou The_Flinders_University_of_South_Australia","1"
"","","A Universidade_Flinders ","localizada na   ","Austrália_Meridional ","","1"
"","","A Universidade_Flinders ","localizada na   ","Austrália ","","1"
"","","uma universidade ","é ","A Universidade_Flinders ","","1"
"22","O KS era uma mesa com uma matriz de chaves, que o operador usava para comutar os troncos e ramais.","O KS ","era uma mesa com ","uma matriz de chaves "," que o operador usava para comutar os troncos e ramais","1"
"",""," uma mesa com uma matriz de chaves "," era","O KS ","","1"
"23","Ahillones é um município da Espanha na província de Badajoz, comunidade autónoma da Estremadura, de área 21,5 km².","Ahillones ","é um município da   ","Espanha na  província de Badajoz ","","1"
"",""," um município da  Espanha na  província de Badajoz "," é","Ahillones ","","1"
"24","Salleri é uma cidade do Nepal.","Salleri ","é uma cidade do   ","Nepal ","","1"
"",""," uma cidade do  Nepal "," é","Salleri ","","1"
"25","A galáxia NGC 3158 foi descoberta em 17 de Março de 1787 por William Herschel.","NGC 3158 ","foi descoberta em ","17 de Março de 1787 por William_Herschel ","","1"
"26","No Xuxa Park, \Ilariê\"" voltou a ser executada em 1996 pelo bloco Xuxa Hits.""","Ilariê ","voltou a ser executada em ","1996 pelo  bloco ","","1"
"27","Horntown é uma cidade localizada no estado norte-americano de Oklahoma, no Condado de Hughes.","Horntown ","é ","uma cidade ","","1"
"","","uma cidade ","localizada no   ","estado norte-americano ","","1"
"","","Horntown ","localizada no   ","estado norte-americano ","","1"
"","","uma cidade ","é ","Horntown ","","1"
"28","O Afogadense foi eliminado por não ter pago as taxas de inscrição por completo impostas pela Federação.","O Afogadense ","foi eliminado por ter pago as taxas de ","inscrição por completo impostas pela  Federação ","","1"
"29","O Tenente Niki, da Guarda Real austríaca, está de serviço na Viena do século XIX, numa parada militar que saúda o Rei Adolf e a Princesa Anna, sua filha, do vizinho reino de Flausenshaum.","O Tenente_Niki ","está de ","serviço na  Viena do  século "," em uma parada militar que saúda o Rei_Adolf e a Princesa_Anna","1"
"30","Naganuma (asteróide 15350) é um asteróide da cintura principal, a 1,7205248 UA.","Naganuma ","é um asteróide da   ","cintura principal ","","1"
"",""," um asteróide da  cintura principal "," é","Naganuma ","","1"
"31","Louis François Élisabeth Ramond, barão de Carbonnières (Strasbourg, 4 de janeiro de 1755 – Paris, 14 de maio de 1827) foi um político, geólogo, explorador e botânico francês.","barão de Carbonnières ","foi ","um político ","","1"
"","","barão de Carbonnières ","foi ","um geólogo ","","1"
"","","barão de Carbonnières ","foi ","um explorador ","","1"
"","","um político ","foi ","barão de Carbonnières ","","1"
"","","um geólogo ","foi ","barão de Carbonnières ","","1"
"","","um explorador ","foi ","barão de Carbonnières ","","1"
"32","A Assembleia Legislativa do Estado de Goiás é o órgão de representação do Poder Legislativo através dos deputados estaduais do Estado de Goiás.","A Assembleia_Legislativa do  Estado de Goiás ","é o órgão de ","representação do  Poder_Legislativo ","","1"
"",""," o órgão de representação do  Poder_Legislativo "," é","A Assembleia_Legislativa do  Estado de Goiás ","","1"
"33","Exemplos são o já falecido pregador inglês Smith Wigglesworth que ajudou em muito no avivamento na Nova Zelândia no início do século passado, Paul David Cull, neo-zeolandês líder do ministério Avivamento Já!.","Exemplos ","são ","o já falecido pregador inglês ","","0"
"","","o ","falecido ","pregador inglês ","","0"
"","","Smith_Wigglesworth ","ajudou em ","muito no  avivamento na  Nova_Zelândia no  início do ","","0"
"","","avivamento na  Nova_Zelândia no  início do  século "," passado  neo-zeolandês  líder  do  ","ministério Avivamento_Já ","","0"
"","","o já falecido pregador inglês ","são ","Exemplos ","","0"
"34","Marshall foi expulso das próprias terras pela onda resultante de garimpeiros e nunca obteve lucro com sua descoberta.","Marshall ","foi expulso das   ","próprias terras pela  onda resultante de garimpeiros ","","1"
"","","das  próprias terras pela  onda resultante de garimpeiros e ","obteve lucro com ","sua descoberta ","","0"
"35","Os filhos legítimos de um par vitalício recebem os privilégios dos filhos dos barões hereditários, podendo preceder seus nomes com o título the Honourable.","Os filhos legítimos de um par vitalício ","recebem os privilégios dos   ","filhos dos  barões hereditários ","","1"
"","","os privilégios dos  filhos dos  barões hereditários ","podendo preceder seus nomes com ","o título the ","","0"
"36","Esse asteróide foi descoberto em 17 de Novembro de 1938 por Karl Reinmuth.","Esse asteróide ","foi descoberto em ","17 de Novembro de 1938 por Karl_Reinmuth ","","1"
"37","Homem-Serpente é uma raça humanoide fictícia criado pelo texano Robert E.","Homem-Serpente ","é ","uma raça humanoide fictícia ","","1"
"","","uma raça humanoide fictícia ","criado pelo   ","texano Robert ","","1"
"","","Homem-Serpente ","criado pelo   ","texano Robert ","","1"
"","","uma raça humanoide fictícia ","é ","Homem-Serpente ","","1"
"38","Twin Shadow é o nome artístico de músico americano George Lewis Jr nascido na República Dominicana em 1983 e cresceu no Brooklyn em Nova Iorque, Estados Unidos.","Twin_Shadow ","é o nome artístico de ","músico americano ","","1"
"","","George_Lewis_Jr ","nascido na   ","República_Dominicana em 1983 ","","1"
"","","George_Lewis_Jr ","cresceu no   ","Brooklyn em Nova_Iorque ","","1"
"","","George_Lewis_Jr ","cresceu no   ","Brooklyn em Estados_Unidos ","","1"
"",""," o nome artístico de músico americano "," é","Twin_Shadow ","","0"
"39","A Serra da Argemela é rica em minerais e mesmo antes da chegada dos romanos foi explorada na sua busca.","A Serra_da_Argemela ","é rica em ","minerais ","","1"
"","","chegada dos  romanos ","foi explorada na   ","sua busca ","","0"
"40","Como Galbatorix era muito poderoso ele matou muitos e convenceu 12 Cavaleiros a se aliarem a ele, junto com Morzan eles ficaram conhecidos como Os Renegados.","ele ","matou muitos","convenceu 12 Cavaleiros ","Como Galbatorix era muito poderoso ","0"
"","","ele ","convenceu 12 Cavaleiros a aliarem a ","ele ","Como Galbatorix era muito poderoso ","1"
"","","eles ","ficaram conhecidos como ","Os_Renegados ","Como Galbatorix era muito poderoso ele matou muitos e convenceu 12 Cavaleiros a se aliarem a","1"
"41","Até a edição 22, a história era focada majoritariamente no protagonista Matthew Roth, retratando o primeiro ano dele como fotojornalista na cidade, assim como certos aspectos da zona desmilitarizada, através de quatro arcos e quatro histórias contidas.","a história ","era focada majoritariamente no   ","protagonista Matthew_Roth ","","1"
"","","a edição 22 ","retratando o primeiro ano dele   ","como fotojornalista na ","","0"
"","","certos aspectos da  zona "," desmilitarizada","através ","","0"
"42","Com a tripulação exausta, o capitão-de-mar-e-guerra Christopher Parker, comandante do navio, ordena que este seja encalhado na Calheta para evitar a sua perda e avaliar os estragos.","a tripulação exausta ","ordena que ","seja encalhado na  Calheta "," para evitar a sua perda e avaliar os estragos","0"
"43","Mohanpur Mohammadpur é uma vila no distrito de Hardwar, no estado indiano de Uttaranchal.","Mohammadpur ","é uma vila no   ","distrito de Hardwar ","","1"
"",""," uma vila no  distrito de Hardwar "," é","Mohammadpur ","","1"
"44","Este pertência ao Rei de Soleanna, um homem que almejava o poder para viajar através do tempo.","um homem ","almejava o poder para viajar através do   ","tempo ","","1"
"45","Sua população estimada em 2004 era de 3 528 habitantes e em 2007 de 3 570 habitantes, segundo dados do IBGE.","Sua população ","estimada em ","2004 era de 3 528 habitantes "," segundo dados do  IBGE","1"
"46","Foi desenvolvido como parte do programa Oko de satélites artificiais.",".",".",".",".",""
"47","Após a extinção do BNH, aquelas que eram suas atribuições foram assumidas pela CAIXA - Caixa Econômica Federal.","suas atribuições ","foram assumidas pela   ","CAIXA ","Após a extinção do  BNH","1"
"48","Desde então, os clubes vencedores das taças nacionais passaram a qualificar-se para a Taça UEFA, entretanto rebatizada de Liga Europa.","os clubes vencedores das  taças nacionais ","passaram a qualificar -se para ","a Taça_UEFA ","","1"
"","","os clubes vencedores das  taças nacionais ","rebatizada de ","Liga_Europa ","","0"
"49","Estes espíritos eram mais frequentemente descritos como espectros de animais ou pessoas injustiçadas pelo portador, os ritos de exorcismo geralmente eram compostos de ofertas respeitosas ou ofertas de sacrifício.","Estes espíritos ","eram mais descritos como espectros de ","animais ","","1"
"","","os ritos de exorcismo ","eram compostos de ","ofertas respeitosas ","","1"
"50","Similares espíritos divinos também são encontrados nas tradições da África Central e África Ocidental de onde eles derivam - o Orixá da cultura Yoruba, o nkisi dos tradições Bantu (Congo), e o vodou do Dahomey (Benin), Togo, sul de Ghana, e Burkina Faso.","Similares espíritos divinos ","são encontrados nas   ","tradições da  África_Central ","","1"
"","","eles ","derivam - ","o Orixá da  cultura ","","1"
"51","Este asteróide foi descoberto em 14 de Agosto de 1977 por Nikolai Chernykh.","Este asteróide ","foi descoberto em ","14 de Agosto de 1977 por Nikolai_Chernykh ","","1"
"52","Grande Oriente são federações ou confederações de, no mínimo, três Lojas maçônicas que, inicialmente, não trabalhavam no mesmo rito maçonico, como eram exigidos pelas Grande Lojas.","Oriente ","são federações","confederações ","","0"
"","","confederações "," não trabalhavam no   ","mesmo rito maçonico "," como eram exigidos pelas  Grande_Lojas","0"
"53","Johannes Jacob Hegetschweiler (Rifferswil, 14 de dezembro de 1789 — Zurique, 9 de setembro de 1839) foi um médico, botânico e político suiço.","Johannes_Jacob_Hegetschweiler ","foi ","um médico ","","1"
"","","um médico ","foi ","Johannes_Jacob_Hegetschweiler ","","1"
"54","Sua capital é a cidade de Tarata.","Sua capital ","é a cidade de ","Tarata ","","1"
"",""," a cidade de Tarata "," é","Sua capital ","","1"
"55","Conus tabidus é uma espécie de gastrópode do gênero Conus, pertencente a família Conidae.","Conus ","é uma espécie de ","gastrópode do  gênero ","","1"
"",""," uma espécie de gastrópode do  gênero "," é","Conus ","","1"
"56","Este asteroide foi descoberto no dia 16 de setembro de 1988 por Schelte J.","Este asteroide ","foi descoberto no   ","dia 16 de setembro de 1988 por Schelte ","","1"
"57","Walter Hofmann (Sömmerda, Turíngia, 26 de setembro de 1949) é um canoísta de slalom alemão na modalidade de canoagem.","Walter_Hofmann ","é um canoísta de ","slalom alemão na  modalidade de canoagem ","","1"
"",""," um canoísta de slalom alemão na  modalidade de canoagem "," é","Walter_Hofmann ","","1"
"58","Qualquer célula viva aumenta de tamanho, por absorção e metabolização de nutrientes, desde o momento em que separa da sua célula-irmã até atingir um tamanho a partir do qual a célula, ou se divide para dar origem a duas células-filhas (ver ciclo celular), ou exerce a sua função específica (no caso de ser uma célula diferenciada) até ao momento da sua morte.","Qualquer célula viva ","aumenta de ","tamanho ","","1"
"","","o momento ","separa da   ","sua célula-irmã ","","0"
"","","sua célula-irmã ","atingir um tamanho a_partir_do ","o qual a célula ","","0"
"","","origem a duas células-filhas ","ver ","ciclo celular ","","0"
"","","caso ","ser ","uma célula diferenciada ","","0"
"","","uma célula ","diferenciada ",") até ao  momento da ","","0"
"","","uma célula diferenciada ","ser ","caso ","","0"
"59","Os cientistas não usaram a tecnologia de transferência dos \genes de ouro\"" juntamente com o gene \""repórter ß-Glucuronidase\"" para produzir a planta.""","Os cientistas "," não usaram a tecnologia de ","transferência dos  \ genes de ouro ""","","1"
"","","\ ""","produzir ","a planta ","","0"
"60","Don't Panic debutou na sexta posição da Billboard 200, pela venda de 48 mil cópias em sua primeira semana nos Estados Unidos, e foi bem recebido pelos críticos especializados.","Panic ","debutou na   ","posição da  Billboard_200 ","","1"
"","","Panic ","foi bem recebido pelos   ","críticos especializados ","","1"
"61","O diagrama seguinte representa as localidades num raio de 8 km ao redor de Muniz.","O diagrama ","representa as localidades em ","um raio de 8 km ao  redor de Muniz ","","1"
"62","As construções modernas para a medida de Lebesgue partem do conceito desta medida exterior.","As construções modernas para a medida de Lebesgue ","partem do   ","conceito desta  medida exterior ","","1"
"63","O CSKA venceu 5 Campeonatos Russos, sete Campeonatos Soviéticos, sete Copas da Rússia e cinco Copas da União Soviética.","O CSKA ","venceu ","5 Campeonatos_Russos ","","1"
"64","O Presidente da África do Sul é o chefe de Estado e de governo da nação sul-africana.","O Presidente da  África_do_Sul ","é o chefe de ","Estado ","","1"
"",""," o chefe de Estado "," é","O Presidente da  África_do_Sul ","","1"
"65","Segundo informações oficiais, o objetivo da missão era apenas aproximar-se da Soyuz 2 como um teste, sem acoplamento.","o objetivo da  missão ","era apenas aproximar -se da   ","Soyuz 2 "," como um teste","1"
"66","Ambystoma mavortium é uma espécie de anfíbio caudado pertencente à família Ambystomatidae.","Ambystoma ","é uma espécie de ","anfíbio caudado ","","1"
"","","uma espécie de anfíbio ","caudado pertencente à   ","família Ambystomatidae ","","0"
"",""," uma espécie de anfíbio caudado "," é","Ambystoma ","","1"
"67","A citação pode realmente ser atribuída a Voltaire, que escreveu em 1733: \Eu gostaria de ver ... o último rei estrangulado com as tripas do último padre\"".""","A citação ","pode realmente ser atribuída a ","Voltaire "," que escreveu em 1733 : \ Eu gostaria de ver ... o último rei estrangulado com as tripas do  último padre \""""","1"
"","","o último rei ","estrangulado com ","as tripas do  último padre "," que escreveu em 1733 : \ Eu gostaria de ver ... ""","1"
"68","Passa por muitas praias da Costa da Prata, entre elas: Valadares, Espinho, Esmoriz, Ovar, Mira, Figueira da Foz e Termas de Monte Real.",".",".",".",".",""
"69","Esta é uma lista das emissoras da Rede Família, uma rede de televisão brasileira.",".",".",".",".",""
"70","O 'Revenge Is Sweeter Tour DVD' é um CD e DVD ao vivo, da banda australiana The Veronicas.","O ' Revenge_Is_Sweeter_Tour_DVD' ","é um CD","DVD ao  vivo ","","0"
"",""," um CD e DVD ao  vivo "," é","O ' Revenge_Is_Sweeter_Tour_DVD' ","","1"
"71","Nicéforo significa em grego: \portador da vitória\"", e este justificou o seu nome com uma série de vitórias que permitiram estender a fronteira para leste com a tomada de umas 60 cidades fronteiriças, entre elas Alepo.""","Nicéforo ","significa em ","grego ","","0"
"","","o seu nome com uma série de vitórias ","permitiram estender a fronteira para ","leste com a tomada de umas 60 cidades fronteiriças ","","0"
"72","Mauranthemum é um género botânico pertencente à família Asteraceae.","Mauranthemum ","é um género botânico pertencente à   ","família Asteraceae ","","1"
"",""," um género botânico pertencente à  família Asteraceae "," é","Mauranthemum ","","1"
"73","A Meribérica, que a certa altura teve a designação comercial Meribérica/Líber, é uma editora portuguesa, com sede em Lisboa.","a certa altura ","teve ","a designação comercial ","","0"
"","","A Meribérica ","é ","uma editora portuguesa ","","1"
"","","uma editora portuguesa ","é ","A Meribérica ","","1"
"74","De início recebido com frieza pela família, Marcondes conquista logo a afeição de Pedroca “procurando contentá-lo em todos os desejos, prestando-se às suas pequenas exigências” e, com seu jeito de boêmio, seus ares “dramáticos de d.","início ","recebido com ","frieza pela  família ","","0"
"","","Marcondes ","conquista logo a afeição de ","Pedroca ","","1"
"","","a afeição de Pedroca ","procurando contentá -lo em ","todos os desejos ","","0"
"","","frieza pela  família ","prestando -se às   ","suas pequenas exigências ” ","","0"
"75","Didogobius kochi é uma espécie de peixe da família Gobiidae e da ordem Perciformes.","kochi ","é uma espécie de ","peixe da  família ","","1"
"",""," uma espécie de peixe da  família "," é","kochi ","","1"
"76","Em 2012 a dupla anunciou a volta.","a dupla ","anunciou ","a volta ","Em 2012 ","1"
"77","De acordo com o United States Census Bureau tem uma área de 30,4 km², dos quais 30,4 km² cobertos por terra e 0,0 km² cobertos por água.","o United_States_Census_Bureau ","tem uma área de ","30,4 km² ","","1"
"","","0,0 km² ","cobertos por ","água ","","0"
"78","O califa o perseguiu até Mosul e o cercou ali, mas sem conseguir prendê-lo pelos próximos três meses.","O califa ","perseguiu até ","Mosul "," mas sem conseguir prendê -lo pelos  próximos três meses","1"
"79","Pode ser encontrada nos seguintes países: Hong Kong, Japão, Taiwan e Vietname.",".",".",".",".",""
"80","Estavam equipados com o equipamento em uso no Exército Português, mas também utilizavam muito armamento capturado aos guerrilheiros, nomeadamente nas Operações Pseudo-Terroristas.","armamento ","capturado aos   ","guerrilheiros "," mas também utilizavam muito ","1"
"81","Serie A 2006-07 é a LXXV edição da Seria A do Campeonato Italiano de Futebol.","A 2006-07 ","é a LXXV edição da   ","Seria ","","1"
"",""," a LXXV edição da  Seria "," é","A 2006-07 ","","1"
"82","A Liga Celta de Rugby de 2009-10 foi a IX edição da Celtic League, a liga europea de rugby dos países célticos envolvendo times da Irlanda, Escócia e País de Gales.","A Liga_Celta_de_Rugby de 2009-10 ","foi a ","IX edição ","","1"
"","","a liga europea de rugby dos  países célticos ","envolvendo times da   ","Irlanda ","","1"
"","","a liga europea de rugby dos  países célticos ","envolvendo times da   ","Escócia ","","1"
"","","a liga europea de rugby dos  países célticos ","envolvendo times da   ","País ","","1"
"",""," a IX edição "," foi","A Liga_Celta_de_Rugby de 2009-10 ","","1"
"83","Kappiyarai é uma panchayat (vila) no distrito de Kanniyakumari, no estado indiano de Tamil Nadu.","Kappiyarai ","é ","uma panchayat no  distrito de Kanniyakumari ","","1"
"","","uma panchayat no  distrito de Kanniyakumari ","é ","Kappiyarai ","","1"
"84","O Lago de Lecco, é na realidade o braço Sudeste do Lago de Como que banha a comuna italiana de Lecco na província de Lecco, e na região da Lombardia,","O Lago de Lecco ","é na   ","realidade ","","0"
"","","Sudeste_do_Lago_de_Como ","banha a comuna italiana de ","Lecco na  província de Lecco ","","1"
"85","É neste braço que se encontra a cidade de Lecco, e no cruzamento deste braço com o braço de Sudoeste, a parte Sudoeste do lago de Como, que se encontra Bellagio.","braço ","encontra a cidade de ","Lecco ","","0"
"86","Esta técnica não seria aplicável a grandes dicionários por ser muito lenta - complexidade O(nc*np){\displaystyle O(nc*np)}, onde nc é o número de palavras chaves e np é o número de palavras.","Esta técnica "," não seria aplicável a grandes dicionários por ser muito lenta - ","complexidade O( nc*np ","","0"
"","","np ","é o número de ","palavras ","","0"
"",""," o número de palavras "," é","np ","","0"
"","","Esta técnica ","serou aplicável a grandes dicionários por ser muito lenta -","complexidade O( nc*np ","","0"
"87","Este asteroide foi descoberto no dia 30 de novembro de 1999 por LINEAR em Socorro.","Este asteroide ","foi descoberto no   ","dia 30 de novembro de 1999 por LINEAR em Socorro ","","1"
"88","Este asteróide foi descoberto em 27 de Agosto de 1979 por Nikolai Chernykh.","Este asteróide ","foi descoberto em ","27 de Agosto de 1979 por Nikolai_Chernykh ","","1"
"89","Rock In Rio - Cássia Eller é um álbum ao vivo da cantora Cássia Eller, lançado em 2006.","Cássia_Eller ","é um álbum ao   ","vivo da  cantora ","","1"
"","","Cássia_Eller ","lançado em ","2006","","1"
"",""," um álbum ao  vivo da  cantora "," é","Cássia_Eller ","","1"
"90","Semidecídua, heliófita, aparece em dispersão irregular e descontínua: por exemplo, no Parque Estadual Vassununga aparece na forma de um grupo.","Semidecídua ","aparece em ","dispersão irregular ","","1"
"","","heliófita ","aparece em ","dispersão irregular ","","1"
"","","Parque_Estadual_Vassununga ","aparece na   ","forma de um grupo ","","1"
"91","Formado em engenharia aeroespacial, Onizuka serviu como engenheiro de vôo na Força Aérea trabalhando com diversos tipos de aviões militares.","Onizuka ","serviu como engenheiro de ","vôo na  Força_Aérea ","","1"
"","","engenheiro de vôo na  Força_Aérea ","trabalhando com ","diversos tipos de aviões militares ","","1"
"92","Localiza-se no departamento de Santa Rosa, Município de Chiquimulilla.",".",".",".",".",""
"93","Contém uma capela em honra de São Silvestre, padroeiro da aldeia, e uma capelinha referente a São Macário, que se situa no cimo de um monte como que \vigiando\"" a nossa terra.""","de um monte como que \ ""","vigiando ","\ a """," que se situa no  cimo ","1"
"94","A Soyuz 40 foi a última missão com a nave do tipo Soyuz e a última nave espacial a aclopar na na Salyut 6.","40","foi a última missão com ","a nave do  tipo ","","0"
"","","a última nave espacial ","aclopar na   ","na  Salyut ","","1"
"",""," a última missão com a nave do  tipo "," foi","40","","0"
"95","O Conselho Presidencial (em francês: Conseil Présidentiel) foi um sistema de governo triunvirato da República do Daomé (atual Benim) que existiu entre 7 de maio de 1970 e 26 de outubro de 1972.","O Conselho_Presidencial ","foi um sistema de ","governo triunvirato ","","1"
"",""," um sistema de governo triunvirato "," foi","O Conselho_Presidencial ","","1"
"96","O realismo do show acabou por se tornar uma barreira para a audiência, segundo o instituto Nielsen Media Research, a série tinha índices baixíssimos de audiência e foi cancelada com menos de 4 meses no ar.","O realismo do  show ","acabou por tornar uma barreira para ","a audiência "," segundo o instituto Nielsen_Media_Research","1"
"","","a série ","tinha índices baixíssimos de ","audiência "," segundo o instituto Nielsen_Media_Research","1"
"","","a série ","foi cancelada com ","menos de 4 meses no  ar ","","1"
"97","O beato Padre Eustáquio é muito famoso por todo o Brasil, sendo considerado responsável por vários milagres ocorridos por todo o país.","Padre_Eustáquio ","é muito famoso por ","todo o Brasil ","","1"
"","","muito famoso por todo o Brasil ","sendo considerado responsável por ","vários milagres ","","0"
"","","responsável por vários milagres ","ocorridos por ","todo o país "," sendo considerado ","0"
"98","Este asteroide foi descoberto no dia 7 de fevereiro de 1997 por Klet em Klet.","Este asteroide ","foi descoberto no   ","dia 7 de fevereiro de 1997 por Klet em Klet "," em Klet","0"
"99","Segundo alguns registros o casal praticava o enigmático ritual que se chamava: energia criativa sexual, largamente difundido na parte oriental da China , tendo influencia profunda do taoismo de Lao Tzé , tornando se o casal mais poderoso da época.","o enigmático ritual ","chamava ",": energia criativa ","Segundo alguns registros o casal praticava ","1"
"","","energia criativa ","tendo influencia profunda do   ","taoismo de Lao_Tzé ","Segundo alguns registros o casal praticava o enigmático ritual que se chamava : ","1"
"","","energia criativa ","tendo influencia profunda do   ","taoismo de Lao_Tzé "," sexual","0"
"","","energia criativa ","tornando se o casal mais poderoso da   ","época ","Segundo alguns registros o casal praticava o enigmático ritual que se chamava : ","0"
"","","energia criativa ","tornando se o casal mais poderoso da   ","época "," sexual","0"
"100","O seu Mestrado centrou-se no estabelecimento de competências de confronto com o stress e a ansiedade.","O seu Mestrado ","centrou -se no   ","estabelecimento de competências de confronto com o stress ","","1"
"101","A série foi cancelada em 2016, não renovando para a 5º temporada.","A série ","foi cancelada em ","2016","","1"
"","","2016"," não renovando para ","a 5º temporada ","","0"
"102","Dalmau IV de Rocabertí Visconde de Rocabertí foi e Duque substituto no Ducado de Atenas entre 1381 e 1388.","IV de Rocabertí_Visconde_de_Rocabertí ","foi  ","Ducado de Atenas entre 1381 ","","0"
"","","IV de Rocabertí_Visconde_de_Rocabertí ","foi  ","Ducado de Atenas entre 1388 ","","0"
"","","IV de Rocabertí_Visconde_de_Rocabertí ","Duque substituto no   ","Ducado de Atenas entre 1381 ","","0"
"","","IV de Rocabertí_Visconde_de_Rocabertí ","Duque substituto no   ","Ducado de Atenas entre 1388 ","","0"
"103","O diagrama seguinte representa as localidades num raio de 64 km ao redor de Pagosa Springs.","O diagrama ","representa as localidades em ","um raio de 64 km ao  redor de Pagosa_Springs ","","1"
"104","Ela é nomeadamente a escola dos guia de montanha , dos monitor de esqui e dos pisteiro-socorrista","Ela ","é nomeadamente a escola dos   ","guia de montanha ","","1"
"105","Em 1943 é criada a Escola nacional de ski em Alpe d'Huez e em 1947 é transferida para Chamonix-Monte-Branco onde se torna ma Escola nacional de esqui e de alpinismo (ENSA).","1947","é transferida para ","Chamonix-Monte-Branco ","Em 1943 é criada a Escola nacional de ski em Alpe d'Huez e","0"
"","","Chamonix-Monte-Branco ","torna ma Escola nacional de ","esqui ","Em 1943 é criada a Escola nacional de ski em Alpe d'Huez e em 1947 é transferida","1"
"106","Whitewater é uma cidade localizada no estado americano de Kansas , no Condado de Butler.","Whitewater ","é ","uma cidade ","","1"
"","","uma cidade ","localizada no   ","estado americano de Kansas ","","1"
"","","Whitewater ","localizada no   ","estado americano de Kansas ","","1"
"","","uma cidade ","é ","Whitewater ","","1"
"107","A Koyamaki foi escolhida como o kamon (brasão) do Príncipe Hisahito de Akishino, actualmente o terceiro na sucessão do Trono do Crisântemo.","A Koyamaki ","foi escolhida como ","o kamon do  Príncipe_Hisahito_de_Akishino ","","1"
"108","Faurei é uma cidade da Roménia com 4.626 habitantes, localizada no judet (distrito) de Braila.","Faurei ","é uma cidade da   ","Roménia com 4.626 habitantes ","","1"
"","","uma cidade da  Roménia com 4.626 habitantes ","localizada no   ","judet de Braila ","","1"
"","","Faurei ","localizada no   ","judet de Braila ","","1"
"",""," uma cidade da  Roménia com 4.626 habitantes "," é","Faurei ","","1"
"109","Está localizada na região nordeste do estado, atendendo aos municípios de São João de Pirabas, Santarém Novo, Maracanã, Magalhães Barata, Marapanim, São João da Ponta, Terra Alta e Vigia.","nordeste do  estado ","atendendo aos   ","municípios de São_João_de_Pirabas ","","1"
"","","nordeste do  estado ","atendendo aos   ","municípios de Santarém_Novo ","","1"
"","","nordeste do  estado ","atendendo aos   ","municípios de Maracanã ","","1"
"","","nordeste do  estado ","atendendo aos   ","municípios de Magalhães_Barata ","","1"
"","","nordeste do  estado ","atendendo aos   ","municípios de Marapanim ","","1"
"","","nordeste do  estado ","atendendo aos   ","municípios de São_João ","","1"
"110","Gambrinus é uma pilsener, surgida em 1869.","Gambrinus ","é ","uma pilsener ","","1"
"","","uma pilsener ","surgida em ","1869","","1"
"","","Gambrinus ","surgida em ","1869","","1"
"111","Foi o edifício mais alto do complexo de AZCA até à construcção da Torre Picasso.",".",".",".",".",""
"112","A Constituição alemã confere à presidência um poder de caráter fundamentalmente representativo, pois, para prevenir os problemas que se deram durante a República de Weimar, não tem capacidade de manobra alguma no processo de eleição do Chanceler da Alemanha e nem pode ditar decretos de urgência.","A Constituição alemã ","confere à   ","presidência ","","1"
"","","um poder de caráter fundamentalmente representativo "," não tem capacidade de ","manobra ","","0"
"","","no  processo de eleição do  Chanceler_da_Alemanha e ","pode ditar decretos de ","urgência "," para prevenir os problemas que se deram durante a República_de_Weimar","0"
"113","Grupo Telemundo ou Telemundo Communications Group é uma propriedade da companhia NBC Universal para radio e televisão.","Telemundo_Communications_Group ","é uma propriedade da   ","companhia NBC Universal "," para radio e televisão","1"
"",""," uma propriedade da  companhia NBC Universal "," é","Telemundo_Communications_Group ","","1"
"114","Tomáš Vaclík (Ostrava, 29 de março de 1989) é um futebolista profissional checo que atua como goleiro, atualmente defende o FC Basel.","Tomáš_Vaclík ","é ","um futebolista profissional checo "," que atua como goleiro","1"
"","","Tomáš_Vaclík ","atua como ","goleiro ","","1"
"","","um futebolista profissional checo ","é ","Tomáš_Vaclík ","","1"
"115","Arraiá da Xuxa foi a décima turnê da apresentadora e cantora Xuxa, baseada no álbum \Arraiá da Xuxa\"".""","Arraiá da  Xuxa ","foi a décima turnê da   ","apresentadora e ","","0"
"","","Xuxa ","baseada no   ","álbum ","","0"
"",""," a décima turnê da  apresentadora e "," foi","Arraiá da  Xuxa ","","0"
"116","Na partida da fase final a equipe que tiver obtido a melhor campanha na somatória de todas as fases anteriores, no caso o Internacional, realizará a partida na condição de mandante.","a equipe ","tiver obtido a melhor campanha na   ","somatória de todas as fases anteriores ","","0"
"","","a melhor campanha na  somatória de todas as fases anteriores ","realizará a partida na   ","condição de mandante ","","1"
"117","As águas em redor pertencem ao Cape Howe Marine National Park.","As águas em redor ","pertencem ao   ","Cape_Howe_Marine_National_Park ","","1"
"118","Situada no rio Tocantins, a usina foi construída em 36 meses (a previsão inicial era de 42 meses).","a usina ","foi construída em ","36 meses ","","1"
"","","a previsão inicial ","era de ","42 meses ","","1"
"119","Com a continuação vieram as quadras, com 20, 18 e por fim 17 metros, que é a atual.","a continuação ","vieram ","as quadras ","","0"
"","","17 metros ","é ","a atual ","","0"
"","","a atual ","é ","17 metros ","","0"
"120","Usado grande parte da sua existência pela equipa da Sociedade Recreativa Boa União Parchalense, ainda nas infra-estruturas antigas de campo pelado, o complexo é agora habitado pelo Clube de Futebol Os Estombarenses, desde 2006.","infra-estruturas antigas de campo "," pelado  desde","2006","","0"
"","","o complexo ","é agora habitado pelo   ","Clube_de_Futebol_Os_Estombarenses ","","1"
"121","Este asteróide foi descoberto em 8 de Novembro de 1990 por Johann Baur.","Este asteróide ","foi descoberto em ","8 de Novembro de 1990 por Johann_Baur ","","1"
"122","Del james (nascido em 5 de Fevereiro de 1964 em New Rochelle, Nova Iorque, EUA) é um escritor e jornalista conhecido por ter trabalhado com Axl Rose da banda Guns N' Roses e com Chuck Billy da banda Testament no álbum The Ritual.","james ","nascido em ","5 de Fevereiro de 1964 em New_Rochelle ","","1"
"","","james ","nascido em ","5 de Fevereiro de 1964 em Nova_Iorque ","","1"
"","","james ","é um escritor","jornalista ","","0"
"","","jornalista ","conhecido por ter trabalhado com ","Axl_Rose da  banda ","","1"
"","","james ","conhecido por ter trabalhado com ","Axl_Rose da  banda ","","1"
"123","O diagrama seguinte representa as localidades num raio de 12 km ao redor de Odem.","O diagrama ","representa as localidades em ","um raio de 12 km ao  redor de Odem ","","1"
"124","Possui uma excentricidade de 0,1679193 e um período orbital de 1 289,63 dias (3,53 anos).",".",".",".",".",""
"125","A Casa degli Omenoni é um palácio de Milão situado na moderna Via degli Omenoni.","A Casa degli Omenoni ","é um palácio de ","Milão ","","1"
"","","um palácio de Milão ","situado na   ","moderna Via degli Omenoni ","","1"
"","","A Casa degli Omenoni ","situado na   ","moderna Via degli Omenoni ","","1"
"",""," um palácio de Milão "," é","A Casa degli Omenoni ","","1"
"126","Goran Višnjic (Šibenik, 9 de Setembro de 1972), é um ator croata radicado nos Estados Unidos da América.","Goran_Višnjic ","é ","um ator croata ","","1"
"","","um ator croata ","radicado nos   ","Estados_Unidos da  América ","","1"
"","","Goran_Višnjic ","radicado nos   ","Estados_Unidos da  América ","","1"
"","","um ator croata ","é ","Goran_Višnjic ","","1"
"127","O Teatro Marítimo é um conjunto situado face o jardim das bibliotecas.","O Teatro_Marítimo ","é ","um conjunto situado ","","0"
"","","um conjunto ","situado face o jardim das   ","bibliotecas ","","1"
"","","um conjunto situado ","é ","O Teatro_Marítimo ","","0"
"128","No fim, logicamente, tudo acaba bem: Segredo perde seus poderes e finalmente volta a ser uma garota mortal, Slobo é transformado numa estátua no século 853 por Darkseid e o restante da Justiça Jovem retoma seu dia-a-dia.","Segredo ","perde seus poderes","uma garota mortal ","","0"
"","","Segredo ","volta a ser ","uma garota mortal ","","1"
"","","Slobo ","é transformado em ","uma estátua no  século 853 por Darkseid ","","1"
"","","o restante da  Justiça_Jovem ","retoma ","seu dia-a-dia ","","1"
"",""," seus poderes e finalmente volta a ser uma garota mortal "," perde","Segredo ","","0"
"129","No Brasil, os pianos Steinway & Sons são importados e comercializados, com exclusividade, pela Gluck Pianos.","Sons ","são  importados ","pela ","","0"
"","","Sons "," comercializados","pela ","","0"
"130","O clima é geralmente mais quente que o de Auckland, com menos humidade e chuva, e mais horas de luz.","O clima ","é geralmente mais quente que ","o de Auckland ","","1"
"131","Alice Regina Brown (Jackson, 20 de setembro de 1960) é uma ex-atleta velocista norte-americana, bicampeã olímpica e campeã mundial.","Alice_Regina_Brown ","é ","uma ex-atleta ","","1"
"132","Kazimierz Funk (23 de fevereiro de 1884 — 19 de novembro de 1967), mais conhecido pela forma americana do seu nome, Casimir Funk, foi um bioquímico polonês que geralmente leva os créditos pela primeira formulação do conceito de vitaminas, em 1912.","Kazimierz_Funk ","foi ","um bioquímico polonês "," em 1912","1"
"","","que ","leva os créditos pela   ","primeira formulação do  conceito de vitaminas "," em 1912","0"
"","","um bioquímico polonês ","foi ","Kazimierz_Funk ","","1"
"133","Este asteroide foi descoberto no dia 29 de março de 1998 por LINEAR em Socorro.","Este asteroide ","foi descoberto no   ","dia 29 de março de 1998 por LINEAR em Socorro ","","1"
"134","O gênero botânico das Briofitas, Buxbaumia, foi dado em sua homenagem, assim como a espécie do gênero Carex, Carex buxbaumii.","O gênero botânico das  Briofitas ","foi dado em ","sua homenagem ","","1"
"","","O gênero botânico das  Buxbaumia ","foi dado em ","sua homenagem ","","1"
"135","Granite Hills é uma Região censo-designada localizada no estado americano da Califórnia, no Condado de San Diego.","Hills ","é ","uma Região ","","1"
"","","censo-designada ","localizada no   ","estado americano da  Califórnia ","","0"
"","","uma Região ","é ","Hills ","","1"
"136","Os que são punidos no Dis são pecadores ativos: hereges, assassinos, suicidas, estelionatários e traidores.","hereges "," suicidas","estelionatários e traidores ","","0"
"137","Serinus menachensis é uma espécie de fringilídeos da família Fringillidae.","Serinus ","é uma espécie de ","fringilídeos da  família ","","1"
"",""," uma espécie de fringilídeos da  família "," é","Serinus ","","1"
"138","Epidendrum denticulatum, é uma espécie de orquídea, muito comum no Brasil, que faz parte de um grupo de espécies de pertencentes ao gênero Epidendrum, todas muito parecidas, distintas apenas por pequenos detalhes, as quais de modo geral são consideradas sinônimos do E.","Epidendrum denticulatum ","é uma espécie de ","orquídea ","","1"
"","","todas "," parecidas  as  quais  de","modo geral "," que faz parte de um grupo de espécies de pertencentes ao  gênero Epidendrum","0"
"","","as quais de modo geral ","são consideradas sinônimos do   ","E. ","","0"
"",""," uma espécie de orquídea "," é","Epidendrum denticulatum ","","1"
"139","Tal percepção é visível por quem transita pela principal via da cidade de Canindé de São Francisco e condiz com a impressão que os visitantes dos mais diversos estados brasileiros têm ao visitar os cânions do Rio São Francisco, quando notam a limpeza e organização presente na cultura do povo local.","Tal percepção ","condiz com ","a impressão "," quando notam a limpeza e organização presente na  cultura do  povo local","1"
"","","os visitantes dos  mais diversos estados brasileiros ","têm ao   ","visitar os cânions do ","Tal percepção é visível por quem transita pela principal via da cidade de Canindé de São_Francisco e condiz com a impressão","0"
"","","visitantes dos  mais diversos estados brasileiros têm ","  visitar os cânions do   ","Rio_São_Francisco "," quando notam a limpeza e organização presente na  cultura do  povo local","0"
"140","As filmagens começaram em 11 de setembro de 2011.","As filmagens ","começaram em ","11 de setembro de 2011 ","","1"
"141","Confina com as seguintes comunas: Aquila (TI), Campo (TI), Disentis/Mustér, Ghirone (TI), Olivone (TI), Quinto (TI), Sumvitg, Tujetsch, Vrin.",".",".",".",".",""
"142","O seu significado é \celeiro, despenseiro\"".""","O seu significado ","é ","\ celeiro ""","",""
"143","A Medalha Feenberg (em inglês: Eugene Feenberg Memorial Medal, também Feenberg Award) é um prêmio na área da teoria de múltiplos corpo da mecânica quântica, denominado em memória de Eugene Feenberg.","A Medalha_Feenberg ","é um prêmio na   ","área da  teoria de múltiplos ","","0"
"","","corpo da  mecânica quântica ","denominado em ","memória de Eugene_Feenberg ","","0"
"",""," um prêmio na  área da  teoria de múltiplos "," é","A Medalha_Feenberg ","","0"
"144","De acordo com o censo de 2000, a região possuía uma população de 1.052.238 habitantes O censo de 2009 aponta para um aumento estimado de 1.212.848 habitantes.","a região ","possuía uma população de ","1.052.238 habitantes ","","1"
"","","O censo de 2009 ","aponta para ","um aumento ","","1"
"","","um aumento ","estimado de ","1.212.848 habitantes ","","1"
"145","Sua dispersão é uniforme, mas em baixa densidade, tanto em formações primárias quanto secundárias.","Sua dispersão ","é ","uniforme "," mas em baixa densidade","1"
"146","Milita no MUD Juvenil a partir de Julho de 1946, fazendo parte da Comissão de Escola do MUD Juvenil da EBAL que vai congregar nomes como Francisco Castro Rodrigues, José Dias Coelho, João Abel Manta, Lima de Freitas, António Alfredo, M.","Juvenil a_partir_de Julho de 1946 ","fazendo parte da   ","Comissão_de_Escola do  MUD_Juvenil da  EBAL "," que vai congregar nomes como Francisco_Castro_Rodrigues","0"
"147","Em 1955 deram-se alguns passos para restabelecer um sentido de identidade nacional para Gales quando Cardiff foi declarada a sua capital.","Cardiff ","foi declarada a ","sua capital ","Em 1955 deram -se alguns passos para restabelecer um sentido de identidade nacional para Gales quando ","1"
"148","No norte se inicia na tríplice fronteira dos dois países com o sul de Burkina Faso e vai até o sul, no porto ganês de Beyin, no litoral do Golfo da Guiné (Oceano Atlântico).","norte ","inicia na   ","tríplice fronteira dos  dois países com o sul de Burkina_Faso ","","1"
"","","norte ","vai até ","o sul ","","1"
"149","Esta lista reúne os recordes olímpicos do tiro esportivo, atualizados até os Jogos Olímpicos de Verão de 2008.","Esta lista ","reúne os recordes olímpicos do   ","tiro esportivo ","","1"
"","","os recordes olímpicos do  tiro esportivo ","atualizados até ","os Jogos_Olímpicos_de_Verão de 2008 ","","1"
"150","Estende-se por uma área de 1430,55 km², com 56 434 habitantes, segundo os censos de 2005, com uma densidade 39,45 hab/km².",".",".",".",".",""
"151","Por conta disso Igan caiu em desgraça, não raro sendo debochada por Barrabás.","Igan ","caiu em ","desgraça ","","1"
"","","não raro ","sendo debochada por ","Barrabás ","","0"
"152","Este asteroide foi descoberto no dia 5 de abril de 2000 por LINEAR em Socorro.","Este asteroide ","foi descoberto no   ","dia 5 de abril de 2000 por LINEAR em Socorro ","","1"
"153","Este asteroide foi descoberto no dia 3 de outubro de 1999 por Spacewatch em Kitt Peak.","Este asteroide ","foi descoberto no   ","dia 3 de outubro de 1999 por Spacewatch em Kitt_Peak ","","1"
"154","Coyatepec foi uma cidade Asteca, no estado de Oaxaca, colonizada pelos espanhóis.","Coyatepec ","foi ","uma cidade Asteca ","","1"
"","","uma cidade Asteca ","colonizada pelos   ","espanhóis ","","1"
"","","Coyatepec ","colonizada pelos   ","espanhóis ","","1"
"","","uma cidade Asteca ","foi ","Coyatepec ","","1"
"155","O Museu Paroquial de Moncarapacho é uma instituição museológica, sediada na Freguesia de Moncarapacho do Concelho de Olhão, no Distrito de Faro, em Portugal.","O Museu_Paroquial_de_Moncarapacho ","é ","uma instituição museológica ","","1"
"","","uma instituição museológica ","sediada na   ","Freguesia_de_Moncarapacho do  Concelho_de_Olhão ","","1"
"","","O Museu_Paroquial_de_Moncarapacho ","sediada na   ","Freguesia_de_Moncarapacho do  Concelho_de_Olhão ","","1"
"","","uma instituição museológica ","é ","O Museu_Paroquial_de_Moncarapacho ","","1"
"156","Falta amor é o segundo álbum da banda mexicana Maná.","amor ","é o segundo álbum da   ","banda mexicana ","","0"
"",""," o segundo álbum da  banda mexicana "," é","amor ","","0"
"157","A FEE busca também estabelecer convênios de cooperação técnica e parcerias com outras instituições de pesquisa e acadêmicas.","A FEE ","busca também estabelecer convênios de ","cooperação técnica ","","1"
"158","Este asteróide foi descoberto em 27 de Abril de 1998 por Paul Comba.","Este asteróide ","foi descoberto em ","27 de Abril de 1998 por Paul_Comba ","","1"
"159","No mesmo ano a Turma Caipira fez sua última apresentação, em Santos.","a Turma_Caipira ","fez ","sua última apresentação "," em Santos","1"
"160","Sua capital é a cidade de Filipstad.","Sua capital ","é a cidade de ","Filipstad ","","1"
"",""," a cidade de Filipstad "," é","Sua capital ","","1"
"161","Este efeito não acontece com pessoas que têm algumas formas de prosopagnosia, uma desordem em que a percepção do rosto é prejudicada, geralmente adquirida após uma lesão ou doença cerebral.","Este efeito "," não acontece com ","pessoas "," que têm algumas formas de prosopagnosia","1"
"","","a percepção do  rosto ","é   prejudicada  geralmente  adquirida  após","lesão ou ","","0"
"162","Em 2007, Tiago foi o goleiro com mais gols no Brasil, foram 13 no total, contra 10 do rival e ídolo Rogério Ceni, sendo 9 na disputa da Séria B do Campeonato Brasileiro.","Tiago ","foi o goleiro com ","mais gols no  Brasil ","Em 2007","1"
"","","2007","foram 13 no   ","total ","","0"
"","","2007","sendo 9 na   ","disputa da  Séria ","","0"
"",""," o goleiro com mais gols no  Brasil "," foi","Tiago ","","1"
"163","Este asteroide foi descoberto no dia 9 de janeiro de 1999 por Tetsuo Kagawa em Gekko.","Este asteroide ","foi descoberto no   ","dia 9 de janeiro de 1999 por Tetsuo_Kagawa em Gekko ","","1"
"164","A maioria das plantas pode ser designada como erva, trepadeira, liana, arbusto ou árvore (com algumas subcategorias), ainda que algumas espécies sejam de difícil categorização.","A maioria das  plantas ","pode ser designada como ","erva ","","1"
"","","A maioria das  plantas ","pode ser designada como ","trepadeira ","","1"
"","","A maioria das  plantas ","pode ser designada como ","liana ","","1"
"","","algumas espécies ","sejam de ","difícil categorização ","","1"
"165","Thomasomys laniger é uma espécie de roedor da família Cricetidae.","laniger ","é uma espécie de ","roedor da  família ","","1"
"",""," uma espécie de roedor da  família "," é","laniger ","","1"
"166","Este asteroide foi descoberto no dia 29 de agosto de 1987 por Eric Walter Elst em La Silla.","Este asteroide ","foi descoberto no   ","dia 29 de agosto de 1987 por Eric_Walter_Elst em La_Silla ","","1"
"167","Irving Ezra Segal (Bronx, 13 de setembro de 1918 — Lexington, 24 de dezembro de 1998) foi um matemático estadunidense.","Irving_Ezra_Segal ","foi ","um matemático estadunidense ","","1"
"","","um matemático estadunidense ","foi ","Irving_Ezra_Segal ","","1"
"168","Jerônimo de Cárdia foi um historiador grego.","Jerônimo de Cárdia ","foi ","um historiador grego ","","1"
"","","um historiador grego ","foi ","Jerônimo de Cárdia ","","1"
"169","Prionanthium é um género botânico pertencente à família Poaceae.",".",".",".",".",""
"170","Betancourt chegou ao poder, pela primeira vez, mediante um golpe de estado que derrubou o presidente Isaías Medina Angarita em 1945.","Betancourt ","chegou ao   ","poder ","","1"
"","","um golpe de estado ","derrubou o presidente Isaías_Medina_Angarita em ","1945","","1"
"171","Leonor voltou para a Inglaterra deixando Berengária aos cuidados de Joana.","Leonor ","voltou para ","a Inglaterra ","","1"
"","","a Inglaterra ","deixando Berengária aos   ","cuidados de Joana ","","0"
"172","O World Fantasy Award é entregue durante o evento.","O World_Fantasy_Award ","é entregue durante ","o evento ","","1"
"173","Este sucesso foi importante para fazer avançar a construção dos interferômetros Submillimeter Array e Atacama Large Millimeter Array.","Este sucesso ","foi importante para fazer avançar a construção dos   ","interferômetros Submillimeter_Array ","","1"
"","","Este sucesso ","foi importante para fazer avançar a construção dos   ","interferômetros Atacama_Large_Millimeter_Array ","","1"
"174","Conflyto voltou ao passado perseguindo seu arqui-inimigo Cable e foi o responsável pela liberação do Vírus Legado, que matou inúmeros mutantes.","Conflyto ","voltou ao   ","passado "," que matou inúmeros mutantes","1"
"","","passado ","perseguindo seu arqui-inimigo Cable","foi o responsável pela  liberação do "," que matou inúmeros mutantes","0"
"","","passado ","foi o responsável pela   ","liberação do  Vírus_Legado "," que matou inúmeros mutantes","0"
"",""," o responsável pela  liberação do  Vírus_Legado "," foi","passado ","","0"
"175","Considerando sua distância de 244 anos-luz em relação à Terra, sua magnitude absoluta é igual a 0.85.","sua magnitude absoluta ","é igual a ","0.85 ","Considerando sua distância de 244 anos-luz em relação à  Terra","1"
"176","Lançada em 1997, a canção foi terceiro single do álbum Everywhere.","a canção ","foi terceiro single do   ","álbum Everywhere ","","1"
"177","Corani é um distrito do Peru, departamento de Puno, localizada na província de Carabaya.","Corani ","é um distrito do   ","Peru ","","1"
"","","um distrito do  Peru ","localizada na   ","província de Carabaya ","","1"
"","","Corani ","localizada na   ","província de Carabaya ","","1"
"",""," um distrito do  Peru "," é","Corani ","","1"
"178","A única esperança para os sobreviventes é Kit Latura (Sylvester Stallone), um ex-bombeiro que precisará entrar no túnel e resgatar as vítimas antes que o ar se esgote, ou que o próprio túnel desabe.","A única esperança para os sobreviventes ","é ","Kit_Latura ","","1"
"","","A única esperança para os sobreviventes ","é ","Sylvester_Stallone ","","1"
"","","um ex-bombeiro ","precisará entrar no   ","túnel ","","1"
"","","um ex-bombeiro ","resgatar as vítimas antes que ","o ar "," se esgote","0"
"179","Kitty Gordon (22 de abril de 1878 – 26 de maio de 1974) foi uma atriz britânica de cinema e teatro.","Kitty_Gordon ","foi uma atriz britânica de ","cinema ","","1"
"","","Kitty_Gordon ","foi uma atriz britânica de ","teatro ","","1"
"",""," uma atriz britânica de cinema "," foi","Kitty_Gordon ","","1"
"",""," uma atriz britânica de teatro "," foi","Kitty_Gordon ","","1"
"180","Exerceu várias vezes o cargo de deputado provincial por Pernambuco.",".",".",".",".",""
"181","Até 15 de dezembro de 2015.",".",".",".",".",""
"182","Põlde é localizado no município de Abja vald e Viljandimaa, no sul do país, e 150 km ao sul da capital Tallinn.","Põlde ","é localizado no   ","município de Abja vald ","","1"
"","","Põlde ","é localizado no   ","município de Abja Viljandimaa ","","1"
"183","Pode ser encontrada nos seguintes países: Indonésia e Papua-Nova Guiné.",".",".",".",".",""
"184","O Instituto Luce (em italiano: Istituto Luce, acrónimo de L'Unione Cinematografica Educativa; em português: União Cinematográfica Educativa) foi uma empresa italiana, criada em 1924 durante a ditadura fascista na Itália.","O Instituto_Luce ","foi ","uma empresa italiana ","","1"
"","","uma empresa italiana ","criada em ","1924 durante a ditadura fascista na  Itália ","","1"
"","","O Instituto_Luce ","criada em ","1924 durante a ditadura fascista na  Itália ","","1"
"","","uma empresa italiana ","foi ","O Instituto_Luce ","","1"
"185","A quarta temporada da World Poker Tour (WPT) foi disputada entre os anos de 2005 e 2006 com dezesseis eventos.","A quarta temporada da  World_Poker_Tour ","foi disputada entre ","os anos de 2005 e 2006 com dezesseis eventos ","","1"
"","","A quarta temporada da  WPT ","foi disputada entre ","os anos de 2005 e 2006 com dezesseis eventos ","","1"
"186","Foi aparentado com a primeira ave, o Archaeopteryx.",".",".",".",".",""
"187","Para ganhar a confiança de Sophie de volta, Krusty tenta recuperar o violino da residência de Fat Tony com a ajuda de Homer.","Krusty ","tenta recuperar o violino da   ","residência de Fat_Tony com a ajuda de Homer ","Para ganhar a confiança de Sophie de volta","1"
"188","Traz gravações feitas pela banda em 1993.",".",".",".",".",""
"189","Sillis (asteróide 21627) é um asteróide da cintura principal, a 2,032963 UA.","Sillis ","é um asteróide da   ","cintura principal ","","1"
"",""," um asteróide da  cintura principal "," é","Sillis ","","1"
"190","Ao saber da dura condição de seu comandante, as tropas romanas da região correram para Lingoes e infligiram pesadas perdas aos alamanos.","as tropas romanas da  região ","correram para ","Lingoes ","","1"
"","","as tropas romanas da  região ","infligiram pesadas perdas aos   ","alamanos ","","1"
"191","Hencke (asteroide 2005, com designação provisória 1973 RA) é um asteroide da cintura principal, a 2,185535 UA.","Hencke ","é um asteroide da   ","cintura principal ","","1"
"",""," um asteroide da  cintura principal "," é","Hencke ","","1"
"192","Can't Find My Way Home, é uma canção de muito sucesso da banda de rock clássico Blind Faith de 1969.","Find_My_Way_Home ","é uma canção de ","muito sucesso da  banda de rock clássico ","","1"
"",""," uma canção de muito sucesso da  banda de rock clássico "," é","Find_My_Way_Home ","","1"
"193","Todas as canções foram compostas por Martijn Garritsen (Martin Garrix).","Todas as canções ","foram compostas por ","Martijn_Garritsen ","","1"
"","","Todas as canções ","foram compostas por ","Martin_Garrix ","","1"
"194","Danville é uma cidade localizada no estado americano de Indiana, no Condado de Hendricks.","Danville ","é ","uma cidade ","","1"
"","","uma cidade ","localizada no   ","estado americano de Indiana ","","1"
"","","Danville ","localizada no   ","estado americano de Indiana ","","1"
"","","uma cidade ","é ","Danville ","","1"
"195","Plethodon neomexicanus é uma espécie de salamandra da família Plethodontidae.","neomexicanus ","é uma espécie de ","salamandra da  família ","","1"
"",""," uma espécie de salamandra da  família "," é","neomexicanus ","","1"
"196","Tudo ao Mesmo Tempo Agora é o sexto álbum de estúdio da banda brasileira de rock Titãs, lançado em 1991.","Tudo ao  Mesmo_Tempo_Agora ","é o sexto álbum de ","estúdio da  banda brasileira de rock ","","1"
"","","Titãs ","lançado em ","1991","","0"
"",""," o sexto álbum de estúdio da  banda brasileira de rock "," é","Tudo ao  Mesmo_Tempo_Agora ","","1"
"197","Kjær gravou também uma versão inglesa, intitulada \I´m chasing butterflies\""""","Kjær ","gravou também ","uma versão inglesa ","","1"
"","","uma versão inglesa ","intitulada ","\ ""","","0"
"","","I´m ","chasing ","butterflies ","","0"
"198","\Vi maler byen rød\"", canção da Dinamarca no Festival Eurovisão da Canção 1989.""",".",".",".",".",""
"199","Na década de 1950, quando já se tinha à disposição uma nova instrumentação, especialmente foguetes e sismógrafos, inspiraram ao cientista norte-americano Lloyd Berkner a propor um terceiro Ano Polar.","década de 1950 ","inspiraram ao   ","cientista norte-americano Lloyd_Berkner ","","0"
"","","Lloyd_Berkner ","propor ","um terceiro Ano_Polar ","","1"
"200","Lewis é famoso por sua habilidade em composição e foi indicado a três Grammys.","Lewis ","é famoso por ","sua habilidade em composição ","","1"
"","","Lewis ","foi indicado a ","três Grammys ","","1"
