"ID","SENTENCE","ARG1","REL","ARG2","CONTEXT","A","M","ERR","NORMAL","TRANSITIVE","SYMMETRIC","CONTEXTUAL","INTENTIONAL"
"1","Nascimento tem 48 mandados de prisão decretados pela Justiça e é apontado pela polícia como um dos dez mais procurados do país .","Nascimento ","tem 48 mandados de ","prisão ","","1","1","","1","0","0","0","0"
"","","48 mandados de prisão ","decretados pela   ","Justiça ","","1","1","","1","0","0","0","0"
"","","48 mandados de prisão ","é apontado pela   ","polícia "," como um dos  dez mais procurados do  país","0","","1","1","0","0","1","0"
"2","Em 1986, foi eleito senador no Distrito Federal pelo PDT, com 197.637 votos (segundo mais votado) .","1986","foi eleito senador no   ","Distrito_Federal pelo  PDT ","","0","","1","1","0","0","0","0"
"3","Escrevi meu livro contra essa idéia de que o cânone morreu, de que Shakespeare não interessa mais porque é um europeu macho, branco e morto .","Shakespeare "," não interessa mais porque ","é ","","0","","1","1","0","0","0","0"
"","","mais porque ","é ","um europeu ","","0","","1","1","0","0","0","0"
"","","um europeu ","é ","mais porque ","","0","","4","0","0","1","0","0"
"4","Era um fardo muito pesado para carregar entre os metalúrgicos .","um fardo ","pesado para carregar entre ","os metalúrgicos ","","1","1","","1","0","0","0","0"
"5","No dia 28 de abril, durante a celebração de agradecimento a Deus, no Pio Brasileiro, houve uma homenagem ao irmão jesuíta Ricardo Marchi que, há 62 anos, deixou nossa pátria para até hoje trabalhar no colégio .","dia 28 de abril ","houve uma homenagem ao   ","irmão jesuíta Ricardo_Marchi ","","1","1","","1","0","0","0","0"
"","","dia 28 de abril ","deixou nossa pátria para ","até hoje ","","0","","1","1","0","0","0","0"
"","","para até ","trabalhar no   ","colégio ","","0","","1","1","0","0","0","0"
"6","Os vivaldinos sabem que há uma enxurrada de mentiras sobre o funcionalismo brasileiro .","Os vivaldinos ","sabem que há uma enxurrada de ","mentiras sobre o funcionalismo brasileiro ","","1","1","","1","0","0","0","0"
"7","A primeira edição da Olimpíada Gay ocorreu em 1982, em San Francisco (costa oeste) .","A primeira edição da  Olimpíada_Gay ","ocorreu em ","1982"," em San_Francisco ( costa oeste )","1","1","","1","0","0","1","0"
"8","A Trellis DataCom está vendendo o fax/modem PC144V, padrão PCMCIA .","A Trellis_DataCom ","está vendendo ","o fax/modem ","","1","1","","1","0","0","0","0"
"9","Na capital, o licenciamento pode ser feito no Detran, através de despachantes (cobram em torno de CR$ 100 mil, fora eventuais multas) ou nos principais shoppings .","o licenciamento ","pode ser feito no   ","Detran ","","1","1","","1","0","0","0","0"
"","","despachantes ","cobram em_torno_de ","CR$ 100 ","","0","","7","1","0","0","0","0"
"10","A US West publica mais de 300 listas em 14 Estados norte-americanos .","West ","publica mais de ","300 listas em 14 Estados norte-americanos ","","1","0","","1","0","0","0","0"
"11","Desde 87, Bueno já entrou com ação para cerca de 30 mil pais, com sucesso para apenas metade dos casos .","Bueno ","entrou com ","ação para cerca_de 30 mil pais ","","1","1","","1","0","0","0","0"
"12","Em maio poderá ocorrer o fato político mais relevante dos últimos anos com a provável eleição de Vicentinho para a presidência da Central Única dos Trabalhadores (CUT) .","maio ","poderá ocorrer o fato político mais relevante dos   ","últimos anos com a provável eleição de Vicentinho para a presidência da  Central_Única_dos_Trabalhadores ","","1","0","","1","0","0","0","0"
"","","maio ","poderá ocorrer o fato político mais relevante dos   ","últimos anos com a provável eleição de Vicentinho para a presidência da  CUT ","","1","0","","1","0","0","0","0"
"13","Fatores que só o empresário pode determinar vão levar a uma progressiva introdução do novo estilo, primeiramente nos setores mais favoráveis, de acordo com a tarefa a ser cumprida, o tempo disponível para decisão, o alcance da decisão etc .","o empresário ","pode determinar vão levar a ","uma progressiva introdução do  novo estilo ","","0","","2","1","0","0","0","0"
"","","acordo com a tarefa ","ser  cumprida  o  alcance  da  ","decisão ","","0","","1.2","1","0","0","0","0"
"14","Segundo a SMA, a experiência é inédita no Brasil .","a experiência ","é inédita no   ","Brasil ","Segundo a SMA","1","1","","1","0","0","1","0"
"15","Dener morreu no dia 19 de abril num acidente de carro, no Rio .","Dener ","morreu no   ","dia 19 de abril em um acidente de carro ","","1","0","","1","0","0","0","0"
"16","Na configuração do scanner, esse usuário pode se surpreender por encontrar a exata marca e modelo do seu equipamento e mesmo assim receber invariavelmente a mensagem \scanner not ready\"" sempre que tenta acioná-lo .""","esse usuário ","pode surpreender por encontrar a exata marca","modelo do  seu equipamento ","","0","","1.2","1","0","0","0","0"
"","","mesmo ","receber invariavelmente ","a mensagem ","","0","","1","1","0","0","0","0"
"","","ready \ ""","tenta acioná ","#REF!","","0","0","1.7","1","0","0","0","0"
"17","A área de multimídia promete ser uma festa, como tem acontecido nas últimas feiras internacionais (e nacionais) de informática .","A área de multimídia ","promete ser ","uma festa "," como tem acontecido nas  últimas feiras internacionais ( e nacionais ) de informática","1","1","","1","0","0","1","0"
"",""," ser uma festa "," promete","A área de multimídia ","","1","1","","0","0","1","0","0"
"18","Nessa fase, as seis equipes juntas acumularam 12 vitórias, quatro empates e duas derrotas .","as seis equipes ","juntas acumularam ","12 vitórias ","","1","1","","1","0","0","0","0"
"","","as seis equipes ","juntas acumularam ","12 quatro ","","0","0","1","1","0","0","0","0"
"19","O piloto da Jordan acha muito difícil baixar do 1min18s, mas disse que o carro se comportou bem .","O piloto da  Jordan ","acha muito ","difícil "," mas disse que o carro se comportou bem","1","1","","1","0","0","1","0"
"","","muito difícil ","baixar do   ","1min18s "," mas disse que o carro se comportou bem","0","","1.2","1","0","0","1","0"
"20","Na prática os governos costumam se esquecer de fazer a sua parte, dão o mau exemplo e assim inspiram uma insatisfação generalizada .","os governos ","costumam esquecer de fazer ","a sua parte ","","1","1","","1","0","0","0","0"
"","","a sua parte ","dão o mau exemplo","uma insatisfação generalizada ","","0","","1.2","1","0","0","0","0"
"","","a sua parte ","inspiram ","uma insatisfação generalizada ","","0","","1.2","1","0","0","0","0"
"21","Pantaleão Mansi, muito lúcido e inteligente, diz viver como se estivesse no século passado .","Pantaleão_Mansi ","diz viver como estivesse no   ","século passado ","","1","1","","1","0","0","0","0"
"22","A URV é calculada a partir de uma média de índices de inflação .","A URV ","é calculada a_partir_de ","uma média de índices de inflação ","","1","0","","1","0","0","0","0"
"23","A denúncia é submetida à análise do órgão do Judiciário responsável pelo caso, que pode rejeitá-la por falta de justa causa ou inépcia .","A denúncia ","é submetida à   ","análise do  órgão do  Judiciário responsável pelo  caso "," que pode rejeitá -la por falta de justa causa ou inépcia","1","0","","1","0","0","1","0"
"24","O pedreiro Vicente Barbatto Zacarias, 23, e a babá Adriana Aparecida Napolitano, 18, caíram de uma altura de cerca de 20 metros .","Vicente_Barbatto_Zacarias ","caíram de ","uma altura de cerca_de 20 metros ","","1","1","","1","0","0","0","0"
"25","Dólar comercial (exportações e importações): CR$ 363,950 (compra) e CR$ 363,960 (venda) .",".",".",".",".","","","","","","","",""
"26","As duas esquadras sofreram o mesmo número de infrações 47 .","As duas esquadras ","sofreram o mesmo número de ","infrações 47 ","","1","1","","1","0","0","0","0"
"27","Pode ser uma espécie de diretor-técnico do clube, com comando sobre todas as divisões .",".",".",".",".","","","","","","","",""
"28","O grau de adesão e respeito a essas normas está ligado aos atributos morais dos participantes .","respeito a essas normas ","está ligado aos   ","atributos morais dos  participantes ","","0","","1","1","0","0","0","0"
"29","Medeiros, que participou da reunião de ontem, disse que sua candidatura viabiliza a candidatura de Esperidião Amin à Presidência .","Medeiros ","disse que ","sua candidatura ","","0","","1.2","1","0","0","0","0"
"","","sua candidatura ","viabiliza a candidatura de ","Esperidião_Amin à  Presidência "," que participou da  reunião de ontem","1","1","","1","0","0","1","0"
"30","O Sintaema, sindicato que reúne funcionários da Sabesp, Cetesb e Fundação Florestal, decretou greve a partir da 0h de hoje .","sindicato ","reúne funcionários da   ","Sabesp ","","1","1","","1","0","0","0","0"
"","","sindicato ","reúne funcionários da   ","Cetesb ","","1","1","","1","0","0","0","0"
"","","sindicato ","reúne funcionários da   ","Fundação_Florestal ","","1","1","","1","0","0","0","0"
"","","O Sintaema ","decretou greve a_partir_da ","a 0h ","","1","1","","1","0","0","0","0"
"31","O diretor-presidente da Splice, Antonio Beldi, afirmou ontem que a prefeitura ainda não pagou os US$ 600 mil referentes à coleta de lixo no bairro da Penha (zona leste) nos meses de dezembro e janeiro .","O diretor-presidente da  Splice ","afirmou ontem que ","a prefeitura ","","0","","1","1","0","0","0","0"
"","","O diretor-presidente da  Antonio_Beldi ","afirmou ontem que ","a prefeitura ","","0","","1","1","0","0","0","0"
"","","a prefeitura "," não pagou os US$ 600 mil referentes à   ","coleta de lixo no  bairro da  Penha nos  meses de dezembro ","","1","0","","1","0","0","0","0"
"","","a prefeitura "," não pagou os US$ 600 mil referentes à   ","coleta de lixo no  bairro da  Penha nos  meses de janeiro ","","1","0","","1","0","0","0","0"
"","","zona ","leste ",") nos  meses ","","1","","2.7","1","0","0","0","0"
"32","Sebastião Zorzeto, da Administração Tributária da Secretaria da Fazenda de São Paulo, disse que o governo vai intensificar a cobrança de ICMS a partir de janeiro .","Sebastião_Zorzeto ","disse que ","o governo ","","0","","2","1","0","0","0","0"
"","","o governo ","vai intensificar a cobrança de ","ICMS a_partir_de janeiro ","","1","0","","1","0","0","0","0"
"33","Bentsen viaja à China este mês .","Bentsen ","viaja à   ","China ","","1","1","","1","0","0","0","0"
"","","Bentsen ","viaja à   ","mês ","","0","","1","1","0","0","0","0"
"34","A eventual vitória de Lula também não assusta o mercado como antes .","A eventual vitória de Lula "," não assusta ","o mercado "," como antes","1","1","","1","0","0","1","0"
"35","As boinas, que são um dos hits nas outras lojas, ocupam segundo lugar na Fit .","As boinas ","ocupam segundo lugar na   ","Fit ","","1","1","","1","0","0","0","0"
"36","O objetivo da comissão técnica é atenuar o desgaste físico do time principal, para que ele chegue às fases decisivas do campeonato (quartas-de-final, semifinais e finais) em condições físicas plenas .","O objetivo da  comissão técnica ","é atenuar o desgaste físico do   ","time principal "," para que ele chegue às  fases decisivas do  campeonato ( quartas-de-final","1","1","","1","0","0","1","0"
"37","Serviços de emergência como hospitais e prontos-socorros funcionarão normalmente nos três dias do feriado .","prontos-socorros ","funcionarão normalmente nos   ","três dias do  feriado ","","1","1","","1","0","0","0","0"
"38","Em 1970, saí daqui como burro, maluco, irresponsável por ter escalado Rivelino na ponta .","1970","saí de ","aqui "," como burro","0","","1.7","1","0","0","1","0"
"","","irresponsável ","ter escalado Rivelino na   ","ponta ","","1","1","","1","0","0","0","0"
"39","Comemorar que os subsídios na exportação agrícola serão reduzidos em 21% nos próximos seis anos, é muito difícil .","os subsídios na  exportação agrícola ","serão reduzidos em ","21 % nos  próximos seis anos ","","1","0","","1","0","0","0","0"
"","","21 % nos  próximos seis anos ","é muito ","difícil ","","0","","1","1","0","0","0","0"
"40","Por sua vez, o cinema de ficção foi reduzido de quinze filmes por ano para dois, produzidos para os mais jovens ou estreantes .","o cinema de ficção ","foi reduzido de ","quinze filmes por ano para dois ","","1","1","","1","0","0","0","0"
"41","Outra, muito diferente, é votar na estabilidade prometida e anunciada temporariamente engendrada, como está acontecendo no Brasil .","estabilidade "," prometida ","como está ","","0","","1","1","0","0","0","0"
"","","estabilidade "," anunciada  temporariamente engendrada","como está ","","0","","1","1","0","0","0","0"
"","","estabilidade "," prometida  e  anunciada  temporariamente  engendrada  como  estáacontecendo no   ","Brasil ","","0","","2","1","0","0","0","0"
"42","Os produtos alimentícios registraram elevação de 0,93%, acumulando retração de 0,10% em setembro .","Os produtos alimentícios ","registraram elevação de ","0.93%"," em setembro","1","1","","1","0","0","1","0"
"","","elevação de 0,93 % ","acumulando retração de ","0,10 % em ","","0","","1","1","0","0","0","0"
"43","O presidente Alberto Dualib, acompanhado dos jogadores Gralak, Tupãzinho, Viola, Zé Elias e Moacir e mais duas dezenas de conselheiros e diretores, recebeu do governador Luís Antônio Fleury Filho a cessão de um terreno próximo a Rodovia dos Trabalhadores, onde será construído um centro de treinamento .","Alberto_Dualib ","acompanhado dos   ","jogadores Gralak ","","1","1","","1","0","0","0","0"
"","","Alberto_Dualib ","acompanhado dos   ","jogadores Tupãzinho ","","1","1","","1","0","0","0","0"
"","","Alberto_Dualib ","acompanhado dos   ","jogadores Viola ","","1","1","","1","0","0","0","0"
"","","Alberto_Dualib ","acompanhado dos   ","jogadores Zé_Elias ","","1","1","","1","0","0","0","0"
"","","Alberto_Dualib ","acompanhado dos   ","jogadores Moacir ","","1","1","","1","0","0","0","0"
"","","Alberto_Dualib ","recebeu do   ","governador Luís_Antônio_Fleury_Filho ","","0","","1","1","0","0","0","0"
"44","No início do sequestro, havia sido pedido um resgate de US$ 12 milhões .","início do  ","havia sido pedido um resgate de ","US$ 12 ","","0","","7","1","0","0","0","0"
"45","As principais emissoras de rádio de São Paulo receberam a música na tarde de ontem .","As principais emissoras de rádio de São_Paulo ","receberam a música na   ","tarde ","","1","1","","1","0","0","0","0"
"46","O administrador eleito em 1992 morreu assassinado há um ano, a mando de seu vice .","O administrador ","eleito em ","1992","","1","1","","1","0","0","0","0"
"","","1992","morreu assassinado há ","um ano ","","0","","1","1","0","0","0","0"
"47","O Ministério da Previdência Social divulgou ontem a tabela em URV (Unidade Real de Valor) para recolhimento da contribuição previdenciária de março .","O Ministério_da_Previdência_Social ","divulgou ontem a tabela em ","URV para recolhimento da  contribuição previdenciária de março ","","1","0","","1","0","0","0","0"
"48","Os animais desaparecem porque a floresta, que é a casa deles, está sumindo .","Os animais ","desaparecem porque ","a floresta ","que é a casa","0","","","1","0","0","1","0"
"49","A partir de então, a Polícia Federal aumentou a fiscalização na região através da Delegacia Flutuante .","a Polícia_Federal ","aumentou a fiscalização na   ","região ","","1","1","","1","0","0","0","0"
"50","A empresa avaliou o sutiã em US$ 330 mil .","A empresa ","avaliou o sutiã em ","US$ 330 ","","0","","7","1","0","0","0","0"
"51","As duas manchetes de ontem no Jornal Nacional ajudam a enterrar a história de que Deus é brasileiro .","Jornal_Nacional ","ajudam a enterrar a história de ","Deus ","","0","","1","1","0","0","0","0"
"","","Deus ","é ","brasileiro ","","1","1","","1","0","0","0","0"
"52","Ninguém deve abrir mão do direito de qualidade .",".",".",".",".","","","","","","","",""
"53","A Grande Praça, o coração da cidade que já foi centro administrativo e religioso, é formada por um conjunto de templos, pirâmides e acrópoles .","que ","foi centro administrativo","religioso ","","0","","1","1","0","0","0","0"
"","","A Grande_Praça ","é formada por ","um conjunto de templos ","","1","1","","1","0","0","0","0"
"","","A Grande_Praça ","é formada por ","um conjunto de pirâmides ","","1","1","","1","0","0","0","0"
"","","A Grande_Praça ","é formada por ","um conjunto de acrópoles ","","1","1","","1","0","0","0","0"
"54","Para o Bank of America a opção foi a de não converter nenhum tostão .","a opção ","foi a de converter ","nenhum tostão ","Para o Bank of America ","1","1","","1","0","0","1","0"
"",""," a de não converter nenhum tostão "," foi","a opção ","","0","","5","0","0","1","0","0"
"55","Segundo Guardiano, 31, nenhum se forma hoje .",".",".",".",".","","","","","","","",""
"56","Materiais como a resina e a porcelana têm cor semelhante ao dente natural e podem substituir o amálgama (mistura metálica que produz obturações acizentadas) .","a porcelana ","têm cor semelhante ao   ","dente natural ","","1","1","","1","0","0","0","0"
"","","a porcelana ","podem substituir ","o amálgama ","","1","1","","1","0","0","0","0"
"57","Shakespeare Ah, um admirável mundo novo .",".",".",".",".","","","","","","","",""
"58","Luiz Eduardo Pinto Lima, Júlio Neves, Mário Pimenta Camargo e Henrique Falzoni pilotam amanhã na Hípica Paulista o lançamento do Center Shop São Bernardo .","Henrique_Falzoni ","pilotam amanhã na   ","Hípica_Paulista ","","1","1","","1","0","0","0","0"
"59","O diretor da Vigilância Sanitária, Luiz Antonio Jonke, diz que São Paulo é \um caso à parte\"" .""","O diretor da  Vigilância_Sanitária ","diz que ","São_Paulo ","","0","","1.2","1","0","0","0","0"
"","","O diretor da  Luiz_Antonio_Jonke ","diz que ","São_Paulo ","","0","","1.2","1","0","0","0","0"
"","","São_Paulo ","é ","\ um caso à ""","","0","","7","1","0","0","0","0"
"60","A temporada terminou com uma grande repercussão e o esporte viveu um novo momento de euforia .","A temporada ","terminou com ","uma grande repercussão ","","1","1","","1","0","0","0","0"
"","","o esporte ","viveu um novo momento de ","euforia ","","1","1","","1","0","0","0","0"
"61","O embaixador do Brasil em Washington mostrou tudo o que sabia sobre Mickey e sua turma ao prefeito de Paulinea .","embaixador do  Brasil em Washington ","sabia sobre ","Mickey ","","1","1","","1","0","0","0","0"
"62","Foi superado por Lula (PT), com 32% dos votos, Esperidião Amin (PPR), que teve 29,5%, e Leonel Brizola (PDT), com 11,9% .",".",".",".",".","","","","","","","",""
"63","Aos poucos, chegavam os Zamboni, os Tomasi, os Fitarelli, com suas tradições e, é claro, com cepas de videiras .",".",".",".",".","","","","","","","",""
"64","Nos primeiros três meses do ano, dos 308 menores que tiveram morte violenta, conforme apuração do Ceap, 243 eram meninos e 65 meninas.Em 1993, 19,18% das mortes violentas foram de meninas e 78,9%, de meninos .","308 menores ","tiveram ","morte violenta "," conforme apuração do  Ceap","1","1","","1","0","0","1","0"
"","","243","eram meninos","65 meninas .Em 1993 "," conforme apuração do  Ceap","1","1","","1","0","0","1","0"
"","","meninos ","eram meninos","65 meninas .Em 1993 "," conforme apuração do  Ceap","0","","2","1","0","0","1","0"
"","","19,18 % das  mortes violentas ","foram de ","meninas ","","1","1","","1","0","0","0","0"
"65","Rádio toca-fitas com frente destacável, teto solar, desembaçador com ar quente e cintos traseiros (laterais) retráteis de três pontos são opcionais .","retráteis de três pontos ","são ","opcionais ","","0","","1","1","0","0","0","0"
"66","Os empresários e empregados do ramo de papel em São Paulo, por exemplo, fundaram e administram um hospital de 220 leitos que custa, em média, apenas 10% do que a empresa recolhe para o INSS .","empregados do  ramo de papel em São_Paulo "," fundaram ","220 leitos "," em média","0","","5","1","0","0","1","0"
"","","empregados do  ramo de papel em São_Paulo "," administram  um  hospital  de","220 leitos "," em média","0","","5","1","0","0","1","0"
"","","um hospital de 220 leitos "," custa  apenas  10  %  do  ","a empresa ","","0","","1","1","0","0","0","0"
"","","a empresa ","recolhe para ","o INSS "," em média","0","","5","1","0","0","1","0"
"67","A não ser que haja uma disposição em contrário no documento coletivo da categoria profissional, os digitadores devem cumprir a jornada normal de 44 horas semanais, como diz a Constituição Federal .","os digitadores ","devem cumprir a jornada normal de ","44 horas "," como diz a Constituição_Federal","1","1","","1","0","0","1","0"
"68","Silvio José Pereira, um dos organizadores do comício, afirmou que o Diretório Municipal do PT fretou 120 ônibus para transportar militantes da Capital .","Silvio_José_Pereira ","afirmou que o Diretório_Municipal do   ","PT ","","0","","1","1","0","0","0","0"
"","","o Diretório_Municipal do  PT ","fretou 120 ônibus para transportar militantes da   ","Capital ","","1","0","","1","0","0","0","0"
"69","O prefeito, segundo colocado, teria de 27% a 30% dos votos .","O prefeito ","teria de ","27 % a 30 % dos  votos ","","1","1","","1","0","0","0","0"
"","","O prefeito ","não terou de","27 % a 30 % dos  votos ","","0","","6","0","0","0","0","1"
"","","O prefeito ","ainda não terou de","27 % a 30 % dos  votos ","","0","","6","0","0","0","0","1"
"70","Acham que ele tentará presidir o Senado ou ser ministro trombando com a meta do filho Luís Eduardo de presidir a Câmara .","ele ","tentará presidir o Senado","ministro trombando com a meta do  filho ","","0","","7","1","0","0","0","0"
"","","o Senado "," ser  ministro  trombando  com","a meta do  filho ","","0","","7","1","0","0","0","0"
"71","O esforço tem um objetivo determinado: tentar diminuir os números alarmantes dos problemas de coração no país .","O esforço ","tem ","um objetivo determinado ","","1","1","","1","0","0","0","0"
"","","um objetivo "," determinado  :  tentardiminuir os números alarmantes dos   ","problemas de coração no  país ","","0","","7","1","0","0","0","0"
"72","O ídolo nacional Hristo Stoichkov, provavelmente o maior craque da Bulgária em todos os tempos, está registrado no Barcelona da Espanha .","Hristo_Stoichkov ","está registrado no   ","Barcelona da  Espanha ","","1","0","","1","0","0","0","0"
"73","A queda das vendas em relação a março já era prevista pela indústria .","A queda das  vendas em relação a março ","era prevista pela   ","indústria ","","1","1","","1","0","0","0","0"
"74","Parágrafo 2º A partir da primeira emissão do Real, as atuais cédulas e moedas representativas do cruzeiro real continuarão em circulação como meios de pagamento até que sejam substituídas pela nova moeda no meio circulante, observada a paridade entre o cruzeiro real e o Real fixada pelo Banco Central do Brasil naquela data .","moedas representativas do  cruzeiro real ","continuarão em ","circulação "," como meios de pagamento até que sejam substituídas pela  nova moeda no  meio circulante","1","1","","1","0","0","1","0"
"","","Parágrafo 2º A_partir_da a primeira emissão do  Real ","observada a paridade entre ","o cruzeiro real ","","0","","1","1","0","0","0","0"
"","","o Real ","fixada pelo   ","Banco_Central do  Brasil naquela  data ","","0","","1","1","0","0","0","0"
"75","Irritado pela manobra arrojada e irresponsável, Prost fecha a entrada .","manobra ","arrojada","irresponsável ","","0","","7","1","0","0","0","0"
"","","Prost ","fecha ","a entrada ","","","","","1","0","0","0","0"
"76","Ele é presidente do Doctor's Data, laboratório que praticamente detém o monopólio da análise capilar no mundo .","Ele ","é presidente do   ","Doctor's_Data ","","1","1","","1","0","0","0","0"
"","","que ","detém o monopólio da   ","análise capilar no  mundo ","","0","","1","1","0","0","0","0"
"77","A história, contada por Peter Bogdanovich (e aqui miseravelmente resumida), dá conta da personalidade do diretor, famoso por sua afabilidade com os atores coadjuvantes e com a equipe e pela ferocidade com que tratava suas estrelas .","A história ","contada por ","Peter_Bogdanovich ","","1","1","","1","0","0","0","0"
"","","A história ","dá conta da   ","personalidade do  diretor ","","1","1","","1","0","0","0","0"
"","","ferocidade ","tratava ","suas estrelas ","","0","","1","1","0","0","0","0"
"78","A primeira final \japonesa\"" aconteceu em 92 .""","japonesa ","aconteceu em ","92","","0","","1","1","0","0","0","0"
"79","Ana Cristina Nogueira, 24, apostou na novidade .","Ana_Cristina_Nogueira ","apostou na   ","novidade ","","1","1","","1","0","0","0","0"
"","","24","apostou na   ","novidade ","","0","","1","1","0","0","0","0"
"80","A casa de quatro quartos, alugada pela própria Unesp, tem uma imensa infiltração de água na sala .","A casa de quatro quartos ","alugada pela   ","própria Unesp ","","1","1","","1","0","0","0","0"
"","","A casa de quatro quartos ","tem uma imensa infiltração de ","água na  sala ","","1","0","","1","0","0","0","0"
"81","Para a operação a PM destacou cerca de 2.000 homens .","a operação a PM ","destacou cerca_de ","2.000 homens ","","0","","1","1","0","0","0","0"
"82","Os consultados prevêem redução de interesse em investimentos no Brasil em favor do México .",".",".",".",".","","","","","","","",""
"83","O inglês Damon Hill venceu ontem no circuito do Estoril o GP de Portugal de F-1 e entrou na luta pelo título do Mundial .","Damon_Hill ","venceu ontem no   ","circuito do  Estoril ","","1","1","","1","0","0","0","0"
"","","Damon_Hill ","entrou na   ","luta pelo  título do  Mundial ","","1","1","","1","0","0","0","0"
"84","De olho nos resultados dos acordos internacionais Nafta e Mercosul, a Hometextil Americas, feira internacional de Frankfurt, lança terça-feira, no hotel Maksoud Plaza, em São Paulo, a Feira e Convenção Internacional de Decoração do Lar, que ocorrerá em Orlando (EUA), de 17 a 19 de maio, com o apoio do departamento de comércio dos EUA .","Mercosul ","lança ","terça-feira ","","0","","1","1","0","0","0","0"
"","","Convenção_Internacional_de_Decoração_do_Lar ","ocorrerá em ","Orlando "," em São_Paulo","0","","5","1","0","0","1","0"
"","","Convenção_Internacional_de_Decoração_do_Lar ","ocorrerá em ","EUA "," em São_Paulo","0","","5","1","0","0","1","0"
"85","A escolha tática depende também da situação do atacante Tiba, que atrasou no treino de sexta-feira e pode ser punido .","A escolha tática ","depende também da   ","situação do  atacante "," que atrasou no  treino de sexta-feira e pode ser punido","1","1","","1","0","0","1","0"
"86","Traduzindo em termos simples: nenhum político gosta de colocar azeitona na empada de seus adversários .","nenhum político ","gosta de colocar azeitona na   ","empada de seus adversários ","","1","1","","1","0","0","0","0"
"87","Em 82, a equipe estava em último lugar no Campeonato Paulista e o técnico conseguiu manter o time na divisão principal .","a equipe ","estava em ","último lugar no  Campeonato_Paulista ","Em 82","1","0","","1","0","0","1","0"
"","","o técnico ","conseguiu manter o time na   ","divisão principal ","Em 82","1","1","","1","0","0","1","0"
"88","O combustível ficará mais caro para consumidores .","O combustível ","ficará mais caro para ","consumidores ","","1","1","","1","0","0","0","0"
"89","Essa variante agressiva dos contos de fada toma como ponto de partida a história verídica de um grupo de jamaicanos que se dedica à aventura de formar uma equipe de trenó no gelo e competir nas Olimpíadas de 1988 .","Essa variante agressiva dos  contos de fada ","toma como ponto de ","partida a história verídica de um grupo de jamaicanos "," que se dedica à  aventura de formar uma equipe de trenó no  gelo e competir nas  Olimpíadas de 1988","1","","","1","0","0","1","0"
"","","aventura ","formar uma equipe de ","trenó no  gelo ","","0","","1","1","0","0","0","0"
"90","Dólar comercial (exportações e importações): CR$ 2.235,49 (compra) e CR$ 2.235,51 (venda) .",".",".",".",".","","","","","","","",""
"91","Esses 30 filmes dão bem a idéia do que foi a conturbada e vigorosa existência da RKO (1929-1958) que, entre outras, passou pelas mãos do milionário Howard Hughes .","Esses 30 filmes ","dão bem a idéia do   ","foi a conturbada e vigorosa existência da ","","0","","2","1","0","0","0","0"
"","","a idéia do "," foi  a  conturbada   ","RKO ","","0","","1","1","0","0","0","0"
"","","a idéia do "," vigorosa  existência  da  ","RKO ","","0","","1","1","0","0","0","0"
"","","a conturbada e vigorosa existência da  RKO ","passou pelas   ","mãos do  milionário ","","1","0","","1","0","0","0","0"
"",""," bem a idéia do  foi a conturbada e vigorosa existência da "," dão","Esses 30 filmes ","","0","","4","0","0","1","0","0"
"",""," a conturbada e vigorosa existência da  RKO "," foi","a idéia do ","","0","","4","0","0","1","0","0"
"92","O orgasmo nos homens que viraram mulher é bem mais comum, diz ele .","mais comum ","diz ","ele ","","0","","2","1","0","0","0","0"
"93","Segundo a UPI, em Londres a libra fechou cotada a US$ 1,5465, contra US$ 1,5455 no dia anterior .","a libra ","fechou cotada a ","US$ 1,5465 "," em Londres ","1","1","","1","0","0","1","0"
"94","A montadora também apresentou nos EUA sua linha de \sport utilities\, que inclui o Jeep Cherokee, o Jeep Grand Cherokee e o Jeep Wrangler, hoje disponíveis no Brasil apenas em importadores independentes .","A montadora ","apresentou nos   ","EUA "," que inclui o Jeep_Cherokee","0","","5","1","0","0","1","0"
"95","No caso, após atravessar a ponte Morumbi antiga, deve entrar à esquerda na avenida Dr. Chucri Zaidan .","caso ","deve entrar à   ","esquerda na  avenida ","","0","","1","1","0","0","0","0"
"96","Durante a semana, de novo se falou muito na saída eventual do seu treinador, Giovanni Trapattoni .","novo ","falou muito na   ","saída eventual do  seu treinador ","","0","","1","1","0","0","0","0"
"","","novo ","falou muito na   ","saída eventual do  seu Giovanni_Trapattoni ","","0","","1","1","0","0","0","0"
"97","Com bom-humor, Bell afirmou que todos os gols são culpa do goleiro .","Bell ","afirmou que ","todos os gols ","","0","","2","1","0","0","0","0"
"","","todos os gols ","são culpa do   ","goleiro ","","1","1","","1","0","0","0","0"
"98","O presidente da Febraban (Federação Brasileira das Associações de Bancos), Alcides Tápias, disse que deverá ser aumentada a incidência de imposto sobre as aplicações de curto prazo, como é o caso do fundão .","O presidente da  Febraban ","disse que deverá ser aumentada a incidência de ","imposto sobre as aplicações de curto prazo "," como é o caso do  fundão","1","0","","1","0","0","1","0"
"","","O presidente da  Federação_Brasileira_das_Associações_de_Bancos ","disse que deverá ser aumentada a incidência de ","imposto sobre as aplicações de curto prazo "," como é o caso do  fundão","1","0","","1","0","0","1","0"
"",""," o caso do  fundão "," é","O presidente da  Febraban ","","0","","4","0","0","1","0","0"
"",""," o caso do  fundão "," é","O presidente da  Federação_Brasileira_das_Associações_de_Bancos ","","0","","4","0","0","1","0","0"
"99","Mulheres tuaregues tatuadas na testa e no queixo compram \croissant\"" de chocolate em lojas francesas de Fez .""","Mulheres tuaregues ","tatuadas na   ","testa ","","1","1","","1","0","0","0","0"
"100","A Petrobrás obteve um lucro líquido de CR$ 141.015 milhões (US$ 598 milhões), CR$ 1,75 por ação, no período de janeiro a novembro de 93 .","A Petrobrás ","obteve um lucro líquido de ","CR$ 141.015 ","","0","","7","1","0","0","0","0"
"101","Amazonense e especialista em direito tributário, Antônio Angarita, 68 que chefia a equipe de transição para o novo governo , é amigo de longa data de Covas .","68","chefia a equipe de ","transição para o novo governo ","","0","","1","1","0","0","0","0"
"","","especialista em direito tributário ","é amigo de ","longa data de Covas ","","1","1","","1","0","0","0","0"
"","","especialista em direito Antônio_Angarita ","é amigo de ","longa data de Covas ","","1","0","","1","0","0","0","0"
"102","Em janeiro deste ano, a Comissão de Valores Mobilários (CVM) regulamentou os Fundos sistema de cotas na compra de imóveis, já adotado na Europa e EUA .","a Comissão_de_Valores_Mobilários ","regulamentou os Fundos sistema de ","cotas na  compra de imóveis ","","1","0","","1","0","0","0","0"
"","","a CVM ","regulamentou os Fundos sistema de ","cotas na  compra de imóveis ","","1","0","","1","0","0","0","0"
"103","Nas oitavas-de-final, a grande \revelação\"" foi o italiano Roberto Baggio .""","a grande \ revelação ""","foi ","o italiano ","","1","1","","1","0","0","0","0"
"","","o italiano ","foi ","a grande \ revelação ""","","1","1","","0","0","1","0","0"
"104","Vira só restaurante sendo que o bar será deslocado para o pátio do fundo, com direito a performance do deejay Bid, mais Bartolo e Hori .","restaurante ","sendo que ","o bar ","","0","","2","1","0","0","0","0"
"","","o bar ","será deslocado para ","o pátio do  fundo ","","1","1","","1","0","0","0","0"
"105","Os processos econômicos, associados à retomada da xenofobia, resultaram numa segregação dos países centrais (interna e externamente) à pobreza, e reaqueceram o debate dos temas étnicos e religiosos .","Os processos econômicos ","associados à   ","retomada da  xenofobia ","","1","1","","1","0","0","0","0"
"","","Os processos econômicos ","resultaram em ","uma segregação dos  países centrais à  pobreza ","","1","0","","1","0","0","0","0"
"","","Os processos econômicos ","reaqueceram o debate dos   ","temas étnicos e religiosos ","","1","0","","1","0","0","0","0"
"106","Empresas e trabalhadores resolvem seu problema e fazem inflação para toda a sociedade .","trabalhadores ","resolvem seu problema","fazem inflação para toda ","","0","","2","1","0","0","0","0"
"","","trabalhadores ","fazem inflação para ","toda a sociedade ","","1","1","","1","0","0","0","0"
"107","O governo fugiu para a cidade de Cyangugu, dentro de uma zona sob proteção de tropas francesas .","O governo ","fugiu para ","a cidade de Cyangugu ","","1","1","","1","0","0","0","0"
"108","Esta é a primeira vez desde 1930 que os EUA conseguem avançar além da fase inicial de um campeonato mundial de futebol .","os EUA ","conseguem avançar além_da ","a fase inicial de um campeonato mundial de futebol ","","1","0","","1","0","0","0","0"
"109","As \canções revolucionárias\, em línguas africanas, são cantadas durante todo o percurso e a marcha está mais para dança .","As \ canções revolucionárias ","são cantadas durante ","todo o percurso ","","1","1","","1","0","0","0","0"
"","","a marcha ","está mais para ","dança "," em línguas africanas","1","1","","1","0","0","1","0"
"110","Num canto da sala, há um mastro de bandeiras pré-revolucionárias .","um canto da  sala ","há um mastro de ","bandeiras pré ","","","","","1","0","0","0","0"
"111","Como consequência os preços tendem a ficar competitivos, obrigando cada vez mais as empresas a buscarem eficiência, sob pena de desaparecerem .","competitivos ","obrigando cada_vez_mais ","as empresas ","Como consequência os preços tendem a ficar ","0","","1","1","0","0","1","0"
"","","as empresas ","buscarem ","eficiência ","Como consequência os preços tendem a ficar competitivos","1","1","","1","0","0","1","0"
"112","Segundo o ministro, é preciso informatizar totalmente para evitar fraudes como as que ocorreram no Rio .","o ministro "," é  preciso  informatizar  totalmente  paraevitar ","fraudes "," como as que ocorreram no  Rio","0","","1","1","0","0","1","0"
"113","Da antiguidade, Magalhães lembrou Cícero \a coisa pública é a coisa do povo\"" e Tito Lívio que analisou a existência de corrupção em Roma .""","Magalhães ","lembrou ","Cícero ","","1","1","","1","0","0","0","0"
"","","a coisa pública ","é a coisa do   ","povo ","","1","1","","1","0","0","0","0"
"","","Tito_Lívio ","analisou a existência de ","corrupção em Roma ","","1","1","","1","0","0","0","0"
"",""," a coisa do  povo "," é","a coisa pública ","","1","1","","0","0","1","0","0"
"114","A série Hebraica/Banco de Boston deste ano foi encerrada no último dia 9, com recital do violinista russo Dmitri Sitkovetski .","Hebraica/Banco_de_Boston deste  ano ","foi encerrada no   ","último dia 9 ","","0","","1","1","0","0","0","0"
"115","O que se vê é um Jagger entediado com seus shows, tocando tamborins ao lado de Richards em um avião, enquanto garotas nuas são atacadas pelos \roadies\"" que acompanham os Stones .""","um Jagger ","entediado com ","seus shows ","","1","1","","1","0","0","0","0"
"","","seus shows ","tocando tamborins ao   ","lado de Richards em um avião "," enquanto garotas nuas são atacadas pelos  \ roadies \"" que acompanham os Stones""","0","","1","1","0","0","1","0"
"","","\ ""","acompanham ","os Stones ","enquanto garotas nuas são atacadas","1","","7","1","0","0","1","0"
"116","A vice-cônsul do Japão no Pará, Sakiko Haayakawa, 25, afirmou que o assassinato da cônsul foi um problema particular .","A vice-cônsul do  Japão no  Pará ","afirmou que o assassinato da   ","cônsul ","","0","","1","1","0","0","0","0"
"","","A vice-cônsul do  Japão no  Sakiko_Haayakawa ","afirmou que o assassinato da   ","cônsul ","","0","","1","1","0","0","0","0"
"","","A vice-cônsul do  Japão no  25 ","afirmou que o assassinato da   ","cônsul ","","0","","1","1","0","0","0","0"
"","","o assassinato da  cônsul ","foi ","um problema particular ","","1","1","","1","0","0","0","0"
"","","A vice-cônsul do  Japão no  Pará ","foi ","um problema particular ","","0","","3","0","1","0","0","0"
"","","A vice-cônsul do  Japão no  Sakiko_Haayakawa ","foi ","um problema particular ","","0","","3","0","1","0","0","0"
"","","A vice-cônsul do  Japão no  25 ","foi ","um problema particular ","","0","","3","0","1","0","0","0"
"","","um problema particular ","foi ","o assassinato da  cônsul ","","1","1","","0","0","1","0","0"
"117","Ciro Gomes, que ninguém fique com falsa impressão, não mudou em nada .",".",".",".",".","","","","","","","",""
"118","Mãe Menininha morreu em Salvador no dia 13 de agosto de 1986 .","Menininha ","morreu em ","Salvador no  dia 13 de agosto de 1986 ","","1","0","","1","0","0","0","0"
"119","Segundo Dória, as experiências do primeiro mundo têm mostrado que os grandes geradores de emprego na última década foram os empreendimentos pequenos e médios .","as experiências do  primeiro mundo ","têm mostrado que os grandes geradores de ","emprego na  última década ","Segundo Dória","0","","1","1","0","0","1","0"
"","","os grandes geradores de emprego na  última década ","foram os empreendimentos pequenos","médios ","Segundo Dória","0","","1","1","0","0","1","0"
"",""," os empreendimentos pequenos e médios "," foram","os grandes geradores de emprego na  última década ","","1","0","","0","0","1","0","0"
"120","O ministro Rubens Ricupero (Fazenda) negou que os recursos tenham sido desviados para fins não-sociais .","Rubens_Ricupero ","negou que ","os recursos ","","0","","2","1","0","0","0","0"
"","","os recursos ","tenham sido desviados para ","fins ","","0","","1","1","0","0","0","0"
"121","Estreou em 1993, em turnê na Europa e no Japão, com coreografia da própria dançarina e músicas de Verdi (no 1º ato) e Gipsy Kings e Paco de Lucia (no 2º) .",".",".",".",".","","","","","","","",""
"122","A Sabesp está estudando um contrato de parceria com algumas empresas privadas para fazer a segurança da adutora .","A Sabesp ","está estudando um contrato de ","parceria com algumas empresas ","","1","0","","1","0","0","0","0"
"","","um contrato de parceria com algumas empresas ","privadas para fazer a segurança da   ","adutora ","","0","","7","1","0","0","0","0"
"123","Segundo Ranschburg, a empresa já pagou as duas parcelas da concordata, mas há ainda pendências judiciais com relação à correção monetária .","a empresa ","pagou as duas parcelas da   ","concordata "," mas há ainda pendências judiciais com relação à  correção monetária","1","1","","1","0","0","1","0"
"124","Corman chega a rodar dois filmes simultaneamente utilizando os mesmos cenários .","Corman ","chega a rodar ","dois filmes ","","1","1","","1","0","0","0","0"
"","","dois filmes ","utilizando ","os mesmos cenários ","","1","1","","1","0","0","0","0"
"125","O mais famoso deles, Wernher von Braun, teve papel fundamental no programa americano Apollo de pousos na Lua .","Wernher ","von ","Braun ","","0","","7","1","0","0","0","0"
"","","O mais famoso deles  ","teve papel fundamental no   ","programa americano ","","1","1","","1","0","0","0","0"
"126","Nos supermercados, a carne de primeira subiu 39% desde 1º de julho e a de segunda subiu 18,5%, segundo levantamento feito pela Companhia Regional de Abastecimento Integrado de Santo André .","a carne de primeira ","subiu 39 % desde ","1º de julho ","segundo levantamento feito pela","1","1","","1","0","0","1","0"
"127","Naquele dia, ele voltava ao time depois de uma outra contusão no mesmo pé, sofrida na partida contra o Náutico, em Recife, a 17 de agosto .","ele ","voltava ao   ","time ","","1","1","","1","0","0","0","0"
"","","dia ","sofrida na   ","partida contra o Náutico "," em Recife","0","","1","1","0","0","1","0"
"128","Os integrantes dessa força, os primeiros de nacionalidade não americana a chegarem ao Haiti são de Antígua, Barbados, Belize, Jamaica e Trinidad-Tobago .","os primeiros de nacionalidade não americana ","chegarem ao   ","Haiti ","","1","1","","1","0","0","0","0"
"","","Haiti ","são de ","Antígua ","","0","","1","1","0","0","0","0"
"","","Haiti ","são de ","Barbados ","","0","","1","1","0","0","0","0"
"","","Haiti ","são de ","Belize ","","0","","1","1","0","0","0","0"
"","","Haiti ","são de ","Jamaica ","","0","","1","1","0","0","0","0"
"","","Haiti ","são de ","Trinidad-Tobago ","","0","","1","1","0","0","0","0"
"129","O engenheiro Gilson Rondinelli Filho, gerente da Telesp Celular, estima que São Paulo terá 500 mil telefones celulares móveis até o final de 95 .","Gilson_Rondinelli_Filho ","estima que ","São_Paulo ","","0","","2","1","0","0","0","0"
"","","São_Paulo ","terá 500 mil telefones celulares móveis até ","o final de 95 ","","1","1","","1","0","0","0","0"
"130","Drasco Todos jogadores que treinei sabem quem é Tostão, o melhor atacante da história do futebol para manter uma bola, organizar o jogo, fazer a tabela .","Todos jogadores ","treinei sabem é ","Tostão ","","0","","2","1","0","0","0","0"
"","","o melhor atacante da  história do  futebol ","manter ","uma bola ","","1","1","","1","0","0","0","0"
"","","Tostão ","organizar ","o jogo ","","1","1","","1","0","0","0","0"
"","","Tostão ","fazer ","a tabela ","","1","1","","1","0","0","0","0"
"131","A direção do Decap, entretanto, demonstra reservas em relação ao uso das cantinas por pessoas de fora das delegacias .","A direção do  Decap ","demonstra reservas em ","relação ao  uso das  cantinas por pessoas ","","1","1","","1","0","0","0","0"
"132","Com isso, só falta marcar a data exata para a convocação extra dos parlamentares .",".",".",".",".","","","","","","","",""
"133","Luiz Appolonio Neto, presidente da Sabesp, informa que em 3 de maio a empresa executou a reposição da calçada do imóvel .","Luiz_Appolonio_Neto ","informa que em ","3 de maio ","","0","","1","1","0","0","0","0"
"","","a empresa ","executou a reposição da   ","calçada do  imóvel ","","1","1","","1","0","0","0","0"
"134","Importante lembrar que a violência, hoje, acontece fora dos estádios, nas torcidas e, também, dentro das quatro linhas, entre jogadores, técnicos, juízes etc .","Importante ","lembrar que ","a violência ","","0","","2","1","0","0","0","0"
"","","a violência ","acontece fora_dos ","os estádios ","","1","1","","1","0","0","0","0"
"135","O PPR de Paulo Maluf era seu principal opositor em plenário .","O PPR de Paulo_Maluf ","era seu principal opositor em ","plenário ","","1","1","","1","0","0","0","0"
"136","Até mesmo na Organização pela Libertação da Palestina (OLP) houve críticas ao líder .","Organização pela  Libertação da  Palestina ","houve críticas ao   ","líder ","","1","1","","1","0","0","0","0"
"","","Organização pela  Libertação da  OLP ","houve críticas ao   ","líder ","","0","","1","1","0","0","0","0"
"137","O Hospital Memorial Jackson, de Miami, informa que 16% das internações foram de estrangeiros sem documentos .","O Hospital_Memorial_Jackson ","informa que 16 % das   ","internações ","","0","","1","1","0","0","0","0"
"","","16 % das  internações ","foram de ","estrangeiros sem documentos ","","1","0","","1","0","0","0","0"
"138","Ela afirma que as escolas e as pessoas não podem ficar imunes à tecnologia .","Ela ","afirma que as escolas","as pessoas ","","0","","2","1","0","0","0","0"
"","","as pessoas "," não podem ficar imunes à   ","tecnologia ","","1","1","","1","0","0","0","0"
"139","O governo brasileiro tem até o próximo dia 2 para definir como participará da ajuda humanitária da ONU a Ruanda .","O governo brasileiro ","tem até ","o próximo dia 2 "," para definir como participará da  ajuda humanitária da  ONU a Ruanda","1","1","","1","0","0","1","0"
"140","O diretor-geral da Assembléia Legislativa, Abib Miguel, disse que foram levados três computadores e cinco máquinas de escrever eletrônicas .","cinco máquinas ","escrever ","eletrônicas "," disse que foram levados três computadores e ","0","","2","1","0","0","1","0"
"","","cinco máquinas ","escrever ","eletrônicas "," de","0","","2","1","0","0","1","0"
"141","A música sacra se faz presente em \Funeral Sentences\"", que reúne hinos religiosos do compositor inglês interpretados pelo Collegium Vocale, regido por Philippe Herreweghe .""","A música sacra ","faz presente em ","\ Funeral_Sentences """," que reúne hinos religiosos do  compositor inglês interpretados pelo  Collegium_Vocale","1","1","","1","0","0","1","0"
"","","Funeral_Sentences \ ""","regido por ","Philippe_Herreweghe ","","1","1","","1","0","0","0","0"
"142","Exceto o entorpecimento associado ao casamento e à fundação de um novo lar, resta somente a paralisia do fim da história a morte .","o entorpecimento ","associado ao   ","casamento ","","1","1","","1","0","0","0","0"
"","","fundação de um novo lar ","resta somente a paralisia do   ","fim da  história a morte ","","0","","1","1","0","0","0","0"
"143","Nossos esforços estão marcados pelo compromisso em envolver a sociedade como um todo .","Nossos esforços ","estão marcados pelo   ","compromisso ","em envolver a sociedade como um","1","1","","1","0","0","1","0"
"144","O choque de massas de ar, quente e fria, facilita tempestades .","O choque de massas de ar ","facilita ","tempestades ","","1","1","","1","0","0","0","0"
"145","A queda foi ajudada pela retração de 1,69% nos preços dos produtos de higiene pessoal, que acumulam redução de 1,91% no mês .","A ","foi ajudada pela   ","retração de 1,69 % nos  preços dos  produtos de higiene pessoal "," que acumulam redução de 1,91 % no  mês","0","","7","1","0","0","1","0"
"146","Daí, a saída de investir em Pereira, que sinalizaria ao eleitorado paranaense o apoio do grupo de Requião a Lula .","a saída ","investir em ","Pereira "," que sinalizaria ao  eleitorado paranaense o apoio do  grupo de Requião a Lula","1","1","","1","0","0","1","0"
"147","São as regras de implantação e funcionamento do plano que vão dar a ela (ou não) um anteparo (forte ou fraco) à volta da inflação .","funcionamento do  plano ","vão dar ","a ela ","","0","","1","1","0","0","0","0"
"148","Trouxe nos seus ventos de redemocratização, um novo enfoque geopolítico e social, derrubando fronteiras ideológicas, culturais e comerciais entre diversos países .","Trouxe nos  seus ventos de redemocratização ","derrubando ","fronteiras ideológicas ","","0","","2","1","0","0","0","0"
"149","Na partida contra o Japão, Elaina foi responsável por quatro dos dez pontos de bloqueio conquistados pelo time, enquanto Beverly deu a equipe quatro de ataque .","Elaina ","foi responsável por ","quatro dos  dez pontos de bloqueio "," enquanto Beverly deu a equipe quatro de ataque","1","1","","1","0","0","1","0"
"","","responsável por quatro dos  dez pontos de bloqueio ","conquistados pelo   ","time "," enquanto Beverly deu a equipe quatro de ataque","1","1","","1","0","0","1","0"
"150","Keanu Reeves agora é só mais um ator jovem e bonitão que faz papel de policial durão .","Reeves ","é só mais um ator jovem","bonitão "," que faz papel de policial durão","0","","2","1","0","0","1","0"
"","","bonitão ","faz papel de ","policial ","","0","","1","1","0","0","0","0"
"151","Nessa hipótese de variação da Ufir, saem favorecidos os FAFs, que são tributados em 5% do rendimento nominal bruto pelo IR, que incide diretamente na carteira .","hipótese de variação da  Ufir ","saem favorecidos ","os FAFs "," que são tributados em 5 % do  rendimento nominal bruto pelo  IR","1","1","","1","0","0","1","0"
"","","5 % do  rendimento nominal bruto pelo  IR ","incide diretamente na   ","carteira ","que são tributados","1","1","","1","0","0","1","0"
"152","Na Venezuela, Sting cantou músicas do Police, seu antigo grupo, como \Roxanne\"" e \""Every Breath You Take\"", além de \""Bring on the Night\"" e \""A Day in the Life\"", canção dos Beatles de 1967 .""","Sting ","cantou músicas do   ","Police ","","1","1","","1","0","0","0","0"
"153","Paga-se CR$ 7.000,00 por uma das corridas-padrão: \ida para a cidade\ ou \volta da cidade\, que incluem espera para compras .""",".",".",".",".","","","","","","","",""
"154","O IPMF foi criado para vigorar somente até o próximo dia 31 .","O IPMF ","foi criado para vigorar somente até ","o próximo dia 31 ","","1","1","","1","0","0","0","0"
"155","Ele é um grande compositor e um dos grandes responsáveis pelo sucesso do projeto .","Ele ","é um grande compositor","um dos  grandes responsáveis pelo  sucesso do  projeto ","","0","","2","1","0","0","0","0"
"",""," um grande compositor e um dos  grandes responsáveis pelo  sucesso do  projeto "," é","Ele ","","1","0","","0","0","1","0","0"
"156","Radicalizar pelo mundo sobre duas rodas tem dois endereços certos: International Bicycle Fund, agência de cicloturismo em Seatlle (EUA) e Abercrombie & Kent, representada no país pela Interpoint .","Radicalizar pelo  mundo sobre duas rodas ","tem ","dois endereços certos ","","1","1","","1","0","0","0","0"
"","","International_Bicycle_Fund ","representada no   ","país pela  Interpoint ","","1","1","","1","0","0","0","0"
"157","Músicos: Edgard Scandurra, Paulo Tatit, Zaba Moreau, Pedro Ito e Peter Price .",".",".",".",".","","","","","","","",""
"158","Rebeldes islâmicos fugiram em 1992 do Tadjiquistão para o Afeganistão, após derrota para forças controladas por ex-comunistas .","Rebeldes islâmicos ","fugiram em ","1992 do  Tadjiquistão para o Afeganistão "," após derrota para forças controladas por ex-comunistas","1","0","","1","0","0","1","0"
"159","Raciocínio invertido, a Itália tem um time que sabe como provocar as infrações alheias 56, a quarta posição nesse item do torneio .","Raciocínio "," invertido  a  quarta  posição  nesse  ","item do  torneio ","","0","","7","1","0","0","0","0"
"","","a Itália ","tem ","um time "," que sabe como provocar as infrações alheias 56","1","1","","1","0","0","1","0"
"160","A falta de tempo também impede Camila de ir mais ao cinema, ao teatro e a shows .","A falta de tempo ","impede Camila de ir mais ao   ","cinema ","","1","1","","1","0","0","0","0"
"161","As embalagens, 33% .",".",".",".",".","","","","","","","",""
"162","O pessoal da Murk Records, que nõa está morto nem nada, chama o vocal cult de Bobby Fruit em \Discipline Reachin\""' .""","O pessoal da  Murk_Records ","chama ","o vocal ","","0","","1","1","0","0","0","0"
"","","o vocal ","cult de ","Bobby_Fruit em \ Discipline_Reachin \"" ""","que nõa está morto nem","0","","7","1","0","0","1","0"
"163","Mejía Barón devolveu a confiança aos mexicanos .","Barón ","devolveu a confiança aos   ","mexicanos ","","1","1","","1","0","0","0","0"
"164","Segundo o técnico Zé Roberto, após as \férias\ a seleção vai aproveitar o intervalo até a fase final da Liga para corrigir as falhas apresentadas na fase classificatória, entre eles o saque e o passe .","o intervalo até a fase final da  Liga ","corrigir ","as falhas "," após as \ férias \"" a seleção vai aproveitar ""","0","","1","1","0","0","1","0"
"","","o intervalo até a fase final da  Liga ","corrigir ","as falhas "," para","0","","1","1","0","0","1","0"
"","","as falhas ","apresentadas na   ","fase classificatória "," após as \ férias \"" a seleção vai aproveitar o intervalo até a fase final da  Liga para corrigir ""","1","1","","1","0","0","1","0"
"165","Por 30 minutos, foi ele quem impediu que o grupo matasse I.C.A.C. até a chegada do reforço da PM .","30 minutos ","foi ","ele ","","0","","2","1","0","0","0","0"
"","","ele ","impediu que ","o grupo ","","0","","1","1","0","0","0","0"
"","","o grupo ","matasse I.C.A.C. até ","a chegada do  reforço da  PM ","","0","","2","1","0","0","0","0"
"166","Com volante de diâmetro grande demais, a direção do Corsa é mais macia em manobras .","a direção do  Corsa ","é mais macia em ","manobras ","","1","1","","1","0","0","0","0"
"167","Ele disse que vai consultar o Supremo Tribunal Federal para saber se as emendas aprovadas podem ser promulgadas antes do encerramento oficial da revisão, marcada para o próximo dia 31 .","as emendas ","aprovadas podem ser promulgadas antes do   ","encerramento oficial da  revisão ","Ele disse que vai consultar o Supremo_Tribunal_Federal para saber","1","0","","1","0","0","1","0"
"","","encerramento oficial da  revisão ","marcada para ","o próximo dia 31 ","Ele disse que vai consultar o Supremo_Tribunal_Federal para saber se as emendas aprovadas podem ser promulgadas antes","0","","2","1","0","0","1","0"
"168","Segundo Prestes, o último trabalho de Iberê, \Solidão\, será reproduzida no livro, que tem patrocínio do Grupo Gerdau .","Prestes ","será reproduzida no   ","livro "," que tem patrocínio do  Grupo_Gerdau","0","","1","1","0","0","1","0"
"169","A Fundação Oswaldo Aranha, de Volta Redonda (RJ), encerra suas inscrições em 6 de janeiro para os cursos de medicina, odontologia, engenharia civil, processamento de dados, ciências contábeis e educação física .","A Fundação_Oswaldo_Aranha ","encerra suas inscrições em ","6 de janeiro para os cursos de medicina ","","1","0","","1","0","0","0","0"
"","","A Fundação_Oswaldo_Aranha ","encerra suas inscrições em ","6 de janeiro para os cursos de odontologia ","","1","0","","1","0","0","0","0"
"170","De fato, Wright tem em comum com Sulloway um interesse pela biologia como campo onde os fenômenos psíquicos deveriam se explicar .","Wright ","tem em ","comum com Sulloway ","","0","","1","1","0","0","0","0"
"171","Até policiais e bombeiros que trabalharam durante a corrida incentivavam os corredores .","bombeiros ","trabalharam durante ","a corrida ","","1","1","","1","0","0","0","0"
"","","a corrida ","incentivavam ","os corredores ","","0","","1","1","0","0","0","0"
"172","A intervenção veio como medida saneadora, pois permite enfrentar com maior firmeza um problema cuja solução era repetidamente adiada por motivos políticos .","A intervenção ","veio como ","medida saneadora "," pois permite enfrentar com maior firmeza um problema cuja solução era repetidamente adiada por motivos políticos","1","1","","1","0","0","1","0"
"173","Segundo estimativas de especialistas do ramo, as vendas da rede Little Caesars já superam os US$ 2,2 bilhões ao ano .","Little_Caesars ","superam os US$ 2,2 bilhões ao   ","ano ","Segundo estimativas de especialistas do  ramo","1","1","","1","0","0","1","0"
"174","Os 50 contribuintes mais ricos do país declararam à Receita Federal no ano passado um patrimônio de US$ 11,7 bilhões, mas só recolheram US$ 6,2 milhões de Imposto de Renda no exercício de 1992 .","Os 50 contribuintes mais ricos do  país ","declararam à   ","Receita_Federal no  ano passado "," mas só recolheram US$ 6,2 milhões de Imposto_de_Renda no  exercício de 1992","1","1","","1","0","0","1","0"
"","","Receita_Federal no  ano ","passado um patrimônio de ","US$ 11,7 "," mas só recolheram US$ 6,2 milhões de Imposto_de_Renda no  exercício de 1992","0","","7","1","0","0","1","0"
"175","O produto foi utilizado na iluminação do auditório da Expo Office, segundo projeto da Proinstal .","O produto ","foi utilizado na   ","iluminação do  auditório da  Expo_Office "," segundo projeto da  Proinstal","1","1","","1","0","0","1","0"
"176","Uma vez postos na mesa, come-se aleatoriamente, experimentando as sensações do doce, picante, ácido, salgado e do amargo, brincando com o palato, nesta que é uma das mais originais e criativas cozinhas do planeta .","Uma vez ","postos na   ","mesa ","","0","","1","1","0","0","0","0"
"","","mesa ","come ","#REF!","","0","","7","1","0","0","0","0"
"","","mesa ","experimentando as sensações do   ","doce ","","0","","1","1","0","0","0","0"
"","","mesa ","salgado  ","amargo ","","0","","7","1","0","0","0","0"
"","","mesa ","do   ","amargo ","","0","","7","1","0","0","0","0"
"","","mesa ","brincando com ","o palato ","","0","","1","1","0","0","0","0"
"177","Rosa Bonini Alves Aos 91, viúva de Antonio Alves .","Rosa_Bonini_Alves_Aos 91 ","viúva de ","Antonio_Alves ","","1","1","","1","0","0","0","0"
"178","O TRT (Tribunal Regional do Trabalho) julgou anteontem a greve não abusiva .","O TRT ","julgou anteontem ","a greve não abusiva ","","1","1","","1","0","0","0","0"
"","","O Tribunal_Regional_do_Trabalho ","julgou anteontem ","a greve não abusiva ","","1","1","","1","0","0","0","0"
"179","Serras transformam toras em pranchas, máquinas ruidosas produzem painéis de madeira para portas, turistas se divertem num balneário com fontes de água quente e uma barragem hidrelétrica funciona a pleno vapor .","Serras ","transformam toras em_pranchas ","turistas "," se divertem em um balneário com fontes de água quente e uma barragem hidrelétrica funciona a pleno vapor","0","","7","1","0","0","1","0"
"","","máquinas ruidosas ","produzem painéis de ","madeira para portas ","","1","1","","1","0","0","0","0"
"","","uma barragem hidrelétrica ","funciona a ","pleno vapor ","","1","1","","1","0","0","0","0"
"180","O BNDES vai implantar até o final do ano uma nova linha de financiamento para aquisição de máquinas agrícolas, voltada ao pequeno produtor rural .","O BNDES ","vai implantar até ","o final do  ano ","","0","","1","1","0","0","0","0"
"","","uma nova linha de financiamento para aquisição de máquinas agrícolas ","voltada ao   ","pequeno produtor rural ","","0","","1","1","0","0","0","0"
"181","Seus bichinhos de pelúcia com diálogos pornográficos são representativos dessa nova idéia fluida e primária de militância política .","Seus bichinhos de pelúcia com diálogos pornográficos ","são representativos dessa   ","nova idéia ","","1","1","","1","0","0","0","0"
"182","Venceu o holandês Richard Krajicek e só parou diante de Sampras .",".",".",".",".","","","","","","","",""
"183","Minha missão é continuar até quando a caneta tiver criatividade para satisfazer necessidades do homem .","Minha missão ","é continuar até ","quando ","","0","","1","1","0","0","0","0"
"","","a caneta ","tiver criatividade para satisfazer necessidades do   ","homem ","","0","","1","1","0","0","0","0"
"184","Na verdade, se fosse para fazer controle de preços, o governo não precisaria ter inventado a Unidade Real de Valor, uma quase-moeda, na transição entre o cruzeiro e o real .","o governo "," não precisaria ter inventado a ","Unidade_Real_de_Valor "," se fosse para fazer controle de preços","","","","1","0","0","1","0"
"","","o governo ","inventou a","Unidade_Real_de_Valor ","se não fosse para fazer controle de preços","1","1","","0","0","0","1","1"
"","","o governo ","inventou a","Unidade_Real_de_Valor ","","1","1","","0","0","0","0","1"
"185","As mesmas divergências acontecem com o PP .","As mesmas divergências ","acontecem com ","o PP ","","1","1","","1","0","0","0","0"
"186","A Comissão dos Descobrimentos é uma das financiadoras do filme, entrando com um terço do orçamento total de US$ 220 mil .","A Comissão dos  Descobrimentos ","é uma das   ","financiadoras do  filme ","","1","1","","1","0","0","0","0"
"","","uma das  financiadoras do  filme ","entrando com ","um terço do  orçamento total de US$ ","","0","","7","1","0","0","0","0"
"","","A Comissão dos  Descobrimentos ","entrando com ","um terço do  orçamento total de US$ ","","0","","7","0","1","0","0","0"
"",""," uma das  financiadoras do  filme "," é","A Comissão dos  Descobrimentos ","","1","1","","0","0","1","0","0"
"187","Em São Paulo, a espera para votar não foi muito grande .","a espera ","votar não foi muito ","grande ","Em São_Paulo","0","","1","1","0","0","1","0"
"188","São operações de renda fixa que combinam compras e vendas simultâneas de contratos de opções e que tinham sido feitas até o final de 1993, quando foram proibidas para investidores estrangeiros .","operações de renda fixa ","combinam compras","vendas simultâneas de contratos de opções "," quando foram proibidas para investidores estrangeiros","0","","2","1","0","0","1","0"
"","","vendas simultâneas de contratos de opções ","tinham sido feitas até ","o final de 1993 "," quando foram proibidas para investidores estrangeiros","1","1","","1","0","0","1","0"
"189","O gerente da empresa, Hilton Naetzke, disse que a empresa estava providenciando sua transferência para o parque industrial da cidade .","O gerente da  empresa ","disse que ","a empresa ","","0","","2","1","0","0","0","0"
"","","O gerente da  Hilton_Naetzke ","disse que ","a empresa ","","0","","2","1","0","0","0","0"
"","","a empresa ","estava providenciando sua transferência para ","o parque industrial da  cidade ","","1","1","","1","0","0","0","0"
"190","Folha Algumas empresas de Santa Catarina e de São Paulo reajustaram seus preços como consequência do dissídio salarial concedido aos seus trabalhadores .","São_Paulo ","reajustaram seus preços como consequência do   ","dissídio salarial ","","1","1","","1","0","0","0","0"
"","","consequência do  dissídio salarial ","concedido aos   ","seus trabalhadores ","","1","1","","1","0","0","0","0"
"191","O secretário-adjunto Antonio Ferreira Pinto afirmou que vai abrir hoje uma sindicância para apurar a denúncia de maus-tratos feita pelos presos .","Antonio_Ferreira_Pinto ","afirmou que vai abrir hoje uma sindicância para apurar a denúncia de ","maus-tratos ","","1","1","","1","0","0","0","0"
"","","a denúncia de maus-tratos ","feita pelos   ","presos ","","1","1","","1","0","0","0","0"
"192","Uma média de 2,7 gols por jogo .",".",".",".",".","","","","","","","",""
"193","Pode ser escapismo mas todo mundo só quer sair e esquecer tudo, jogar tudo para o alto .","e esquecer ","jogar tudo para ","o alto ","","0","","1","1","0","0","0","0"
"194","Nelson Maluf, diretor de operações da CET, acredita que os telões trarão impacto positivo no trânsito .","Nelson_Maluf ","acredita que ","os telões ","","0","","1","1","0","0","0","0"
"","","os telões ","trarão impacto positivo no   ","trânsito ","","1","1","","1","0","0","0","0"
"195","Em primeiro lugar, há que se distinguir entre o cidadão comum e o postulante a cargo público .","primeiro lugar ","há que distinguir entre ","o cidadão comum ","","1","1","","1","0","0","0","0"
"196","A única escapada foi abrir o chuveiro .","A única escapada ","foi abrir ","o chuveiro ","","1","1","","1","0","0","0","0"
"197","O resultado é que por falta de informação suas ações acabem \virando pó\"" mesmo em períodos longos .""","O resultado ","é que por ","falta de informação ","","0","","2","1","0","0","0","0"
"","","suas ações "," acabem  \  virando""","pó ","","1","1","","1","0","0","0","0"
"198","Desde ontem integrado ao elenco, o levantador Maurício iniciou seu treino na seleção sob o olhar atento do preparador físico Júlio Noronha .","Maurício ","iniciou seu treino na   ","seleção sob o olhar atento do  preparador físico ","","1","0","","1","0","0","0","0"
"199","Mudar as regras da categoria não foi um processo pacífico .","as regras da  categoria "," não foi ","um processo pacífico ","","1","1","","1","0","0","0","0"
"",""," foi um processo pacífico "," não","as regras da  categoria ","","0","","4","0","0","1","0","0"
"200","O governo é tímido ao lidar com o assunto, ao passo que o empresário a tudo assiste estupefado, mas sem reações desisivas .","O governo ","é tímido ao   ","lidar ","","0","","2","1","0","0","0","0"
"","","tímido ","  lidar com ","o assunto ","","0","","1","1","0","0","0","0"
"","","o empresário a ","assiste ","estupefado "," mas sem reações desisivas","1","1","","1","0","0","1","0"