ID SENTENÇA;SENTENÇA;ID EXTRAÇÃO;ARG1;REL;ARG2;COERÊNCIA;MINIMALIDADE;MÓDULO SUJEITO;MÓDULO RELAÇÃO;MÓDULO ARG2;
"1";"Uma população compreende os indivíduos de uma espécie dentro de uma dada área . ";"1.0";"Uma população ";" compreende";"os indivíduos de uma espécie ";"";"";"1";"1";"1";
"";"";"2.0";"Uma população ";" compreende";"os indivíduos de uma espécie dentro de uma dada área ";"";"";"1";"1";"1";
"2";"As fronteiras de uma população podem ser as naturais , impostas pêlos limites geográficos de um hábitat , adequado , ou podem ser definidas arbitrariamente a a conveniência de o pesquisador . ";"1.0";"As fronteiras de uma população ";" podem ser as naturais impostas";"pêlos limites geográficos de um hábitat ";"";"";"1";"1";"1";
"";"";"2.0";"as naturais ";" adequado";"arbitrariamente a a conveniência de o pesquisador ";"";"";"1";"1";"1";
"";"";"3.0";"as naturais ";" adequado";"a a conveniência de o pesquisador ";"";"";"1";"1";"0";
"";"";"4.0";"as naturais ";" impostas";"pêlos limites geográficos de um hábitat ";"";"";"1";"1";"1";
"";"";"5.0";"As fronteiras de uma população ";" podem ser";"as naturais ";"";"";"1";"5";"1";
"3";"Em qualquer caso , a população tem uma estrutura espacial , a qual significa que , dentro de suas fronteiras geográficas , os indivíduos vivem principalmente dentro de partes de habitat adequadas , e suas abundâncias podem variar com respeito a comida , predadores , locais de ninho , e outros fatores ecológicos dentro de o habitat . ";"1.0";"a população ";" tem";"uma estrutura espacial ";"";"";"1";"1";"1";
"";"";"2.0";"a população ";" tem";"uma estrutura espacial , a qual significa ";"";"";"1";"1";"1";
"";"";"3.0";"a população ";" tem";"uma estrutura espacial , a qual significa , e suas abundâncias podem variar com respeito a comida , predadores ";"";"";"1";"1";"1";
"";"";"4.0";"a população ";" tem";"uma estrutura espacial , a qual significa , e suas abundâncias podem variar com respeito a comida , predadores , locais de ninho ";"";"";"1";"1";"1";
"";"";"5.0";"a população ";" tem";"uma estrutura espacial , a qual significa , e suas abundâncias podem variar com respeito a comida , predadores , locais de ninho , e outros fatores ecológicos dentro de o habitat ";"";"";"1";"1";"1";
"";"";"6.0";"a população ";" tem";"uma estrutura espacial Em qualquer caso ";"";"";"1";"1";"1";
"";"";"7.0";"a população ";" tem";"uma estrutura espacial , e suas abundâncias podem variar com respeito a comida , predadores ";"";"";"1";"1";"0";
"";"";"8.0";"a população ";" tem";"uma estrutura espacial , e suas abundâncias podem variar , locais de ninho ";"";"";"1";"1";"0";
"";"";"9.0";"a população ";" tem";"uma estrutura , e outros fatores ecológicos dentro de o habitat ";"";"";"1";"1";"0";
"";"";"10.0";"os indivíduos ";" vivem";"principalmente dentro de partes de habitat adequadas ";"";"";"1";"1";"1";
"";"";"11.0";"os indivíduos ";" vivem";"dentro de suas fronteiras geográficas ";"";"";"1";"1";"1";
"";"";"12.0";"os indivíduos ";" vivem";"dentro de partes de habitat adequadas ";"";"";"1";"1";"0";
"";"";"13.0";"suas abundâncias ";" podem variar";"com respeito a comida , predadores , locais de ninho ";"";"";"1";"1";"1";
"";"";"14.0";"suas abundâncias ";" podem variar";"com respeito a comida , predadores , locais de ninho , e outros fatores ecológicos dentro de o habitat ";"";"";"1";"1";"1";
"";"";"15.0";"suas abundâncias ";" podem variar";"e outros fatores ecológicos dentro de o habitat ";"";"";"1";"1";"0";
"4";"A estrutura de a população proporciona uma visão rápida em um determinado instante de tempo . ";"1.0";"A estrutura de a população ";" proporciona";"uma visão rápida ";"";"";"1";"1";"1";
"";"";"2.0";"A estrutura de a população ";" proporciona";"uma visão rápida em um determinado instante de tempo ";"";"";"1";"1";"1";
"5";"As populações também apresentam comportamento dinâmico , continuamente mudando com o tempo devido a os nascimentos , mortes , e movimentos individuais . ";"1.0";"As populações ";" também apresentam";"comportamento dinâmico ";"";"";"1";"1";"1";
"";"";"2.0";"As populações ";" também apresentam";"comportamento dinâmico , continuamente mudando com o tempo ";"";"";"1";"1";"1";
"";"";"3.0";"As populações ";" também apresentam";"comportamento dinâmico , continuamente mudando com o tempo devido a os nascimentos , mortes ";"";"";"1";"1";"1";
"";"";"4.0";"As populações ";" também apresentam";"comportamento dinâmico , continuamente mudando com o tempo devido a os nascimentos , mortes , e movimentos individuais ";"";"";"1";"1";"1";
"";"";"5.0";"As populações ";" também apresentam";"comportamento devido a os nascimentos , mortes ";"";"";"1";"1";"0";
"";"";"6.0";"As populações ";" também apresentam";"comportamento dinâmico , e movimentos individuais ";"";"";"1";"1";"0";
"6";"A regulação desses processos depende de várias interações de indivíduos com os seus ambientes e entre si . ";"1.0";"A regulação desses processos ";" depende";"de várias interações de indivíduos ";"";"";"1";"1";"1";
"";"";"2.0";"A regulação desses processos ";" depende";"de várias interações de indivíduos com os seus ambientes e entre si ";"";"";"1";"1";"1";
"";"";"3.0";"A regulação desses processos ";" depende";"de várias interações com os seus ambientes e entre si ";"";"";"1";"1";"0";
"7";"Além disso , a evolução através de a seleção natural e a regulação tanto de a estrutura de a comunidade quanto de o funcionamento de o ecossistema tornam - se evidentes quando se somam em termos de processos populacionais . ";"1.0";"a evolução ";" através de a seleção natural e a regulação tanto de a estrutura de a comunidade quanto de o funcionamento de o ecossistema tornam - se";"evidentes ";"";"";"1";"1";"1";
"";"";"2.0";"a evolução ";" através de a seleção natural e a regulação tanto de a estrutura de a comunidade quanto de o funcionamento de o ecossistema tornam - se";"evidentes quando se somam em termos de processos populacionais ";"";"";"1";"1";"1";
"";"";"3.0";"a evolução ";" através de a seleção natural e a regulação tanto de a estrutura de a comunidade quanto de o funcionamento de o ecossistema tornam - se";"evidentes Além disso ";"";"";"1";"1";"1";
"8";"Por isso , muito de a ecologia focaliza - se en o nível populacional . ";"";"";"";"";"";"";"";"";
"9";"A população tem continuidade temporal porque indivíduos que estão vivos em um determinado tempo são descendentes de outros que estavam vivos em um tempo anterior . ";"1.0";"A população ";" tem";"continuidade temporal ";"";"";"1";"1";"1";
"";"";"2.0";"A população ";" tem";"continuidade temporal porque indivíduos que estão vivos em um determinado tempo são descendentes de outros que estavam vivos ";"";"";"1";"1";"1";
"";"";"3.0";"A população ";" tem";"continuidade temporal porque indivíduos que estão vivos em um determinado tempo são descendentes de outros que estavam vivos em um tempo anterior ";"";"";"1";"1";"1";
"";"";"4.0";"A população ";" tem";"continuidade temporal porque indivíduos que estão vivos em um determinado tempo são descendentes em um tempo anterior ";"";"";"1";"1";"0";
"";"";"5.0";"indivíduos ";" são descendentes";"de outros que estavam vivos ";"";"";"1";"1";"1";
"";"";"6.0";"indivíduos ";" são descendentes";"de outros que estavam vivos em um tempo anterior ";"";"";"1";"1";"1";
"";"";"7.0";"indivíduos ";" são descendentes";"de outros que estavam em um tempo anterior ";"";"";"1";"1";"0";
"";"";"8.0";"que ";" estão";"vivos ";"";"";"1";"1";"1";
"";"";"9.0";"que ";" estão";"vivos em um determinado tempo ";"";"";"1";"1";"1";
"";"";"10.0";"que ";" estavam";"vivos ";"";"";"1";"1";"1";
"";"";"11.0";"que ";" estavam";"vivos em um tempo anterior ";"";"";"1";"1";"1";
"";"";"12.0";"indivíduos ";" são";"descendentes de outros ";"";"";"1";"5";"1";
"10";"A população também tem continuidade espacial devido a os indivíduos em diferentes partes de a distribuição terem ancestrais comuns , em geral , quanto mais distantes dois indivíduos , mais remoto en o tempo encontra - se seu ancestral comum . ";"1.0";"A população ";" também tem";"continuidade espacial ";"";"";"1";"1";"1";
"";"";"2.0";"A população ";" também tem";"continuidade espacial indivíduos em diferentes partes de a distribuição terem ancestrais comuns ";"";"";"1";"1";"1";
"";"";"3.0";"A população ";" também tem";"continuidade espacial indivíduos em diferentes partes de a distribuição terem ancestrais comuns , em geral ";"";"";"1";"1";"1";
"";"";"4.0";"A população ";" também tem";"continuidade espacial indivíduos em diferentes partes de a distribuição terem ancestrais comuns , em geral , quanto mais distantes dois indivíduos , mais remoto en o tempo ";"";"";"1";"1";"1";
"";"";"5.0";"A população ";" também tem";"continuidade espacial indivíduos em diferentes partes de a distribuição terem ancestrais comuns , em geral , quanto mais distantes dois indivíduos , mais remoto en o tempo encontra - ";"";"";"1";"1";"1";
"";"";"6.0";"A população ";" também tem";"continuidade , em geral ";"";"";"1";"1";"0";
"";"";"7.0";"A população ";" também tem";"continuidade quanto mais distantes dois indivíduos , mais remoto en o tempo ";"";"";"1";"1";"0";
"";"";"8.0";"A população ";" também tem";"continuidade quanto mais distantes encontra - ";"";"";"1";"1";"0";
"11";"Como resultado , os indivíduos dentro de uma população herdam seus genes de um depósito comum e assim compartilham uma história comum de adaptação a o meio ambiente . ";"";"";"";"";"";"";"";"";
"12";"Neste capítulo , consideramos a distribuição de os indivíduos dentro de as populações com respeito a a sua distribuição espacial , idade e genótipo . ";"";"";"";"";"";"";"";"";
"13";"A distribuição e os movimentos de indivíduos determinam a coerência espacial de a população - o grau en o qual diferentes partes de a população dividem a mesma dinâmica , ou , por outro lado , apresentam independência . ";"1.0";"A distribuição e os movimentos de indivíduos ";" determinam";"a coerência espacial de a população - o grau qual diferentes partes de a população dividem a mesma dinâmica ";"";"";"1";"1";"1";
"";"";"2.0";"A distribuição e os movimentos de indivíduos ";" determinam";"a coerência espacial de a população - o grau qual diferentes partes de a população dividem a mesma dinâmica , ou , por outro lado , apresentam independência ";"";"";"1";"1";"1";
"";"";"3.0";"diferentes partes de a população ";" dividem";"a mesma dinâmica ";"";"";"1";"1";"1";
"";"";"4.0";"diferentes partes de a população ";" dividem";"a mesma dinâmica , ou , por outro lado , apresentam independência ";"";"";"1";"1";"1";
"";"";"5.0";"diferentes partes de a população ";" dividem";"a mesma dinâmica en o qual ";"";"";"1";"1";"1";
"14";"A medida que as populações tornam - se fragmentadas quando os humanos transformam a paisagem , as questões de coerência populacional e , particularmente , a vulnerabilidade de pequenas subpopulações a a extinção ou a a mudança genética drástica tornam - se importantes preocupações de conservação e gerenciamento . ";"1.0";"as populações ";" tornam - se";"fragmentadas ";"";"";"1";"1";"1";
"";"";"2.0";"os humanos ";" transformam";"a paisagem ";"";"";"1";"1";"1";
"";"";"3.0";"as questões de coerência populacional e , particularmente , a vulnerabilidade de pequenas subpopulações a a extinção ou a a mudança genética drástica ";" tornam - se importantes preocupações";"de conservação e gerenciamento ";"";"";"1";"1";"1";
"";"";"4.0";"as questões de coerência populacional e , particularmente , a vulnerabilidade de pequenas subpopulações a a extinção ou a a mudança genética drástica ";" tornam";"- se importantes preocupações ";"";"";"1";"5";"1";
"";"";"5.0";"as questões de coerência populacional e , particularmente , a vulnerabilidade de pequenas subpopulações a a extinção ou a a mudança genética drástica ";" tornam";"de conservação e gerenciamento ";"";"";"1";"5";"1";
"15";"As populações em áreas naturais também podem ser subdivididas como resultado de a heterogeneidade de habitat . ";"1.0";"As populações em áreas naturais ";" também podem ser subdivididas";"como resultado de a heterogeneidade de habitat ";"";"";"1";"1";"1";
"16";"A maioria de as populações insulares passa por estágios iniciais de colonização caracterizados por pequeno número de indivíduos . ";"1.0";"A maioria de as populações insulares ";" passa";"por estágios iniciais de colonização ";"";"";"1";"1";"1";
"17";"Devido a os eventos de acaso terem impacto maior en as pequenas populações de o que en as grandes , os ecólogos devem prestar uma cuidadosa atenção a os tamanhos de as populações . ";"1.0";"acaso ";" terem";"impacto maior ";"";"";"1";"1";"1";
"";"";"2.0";"acaso ";" terem";"impacto maior en as pequenas populações que en as grandes , os ecólogos devem prestar uma cuidadosa atenção ";"";"";"1";"1";"1";
"";"";"3.0";"acaso ";" terem";"impacto maior en as pequenas populações que en as grandes , os ecólogos devem prestar uma cuidadosa atenção a os tamanhos de as populações ";"";"";"1";"1";"1";
"";"";"4.0";"acaso ";" terem";"impacto maior a os tamanhos de as populações ";"";"";"1";"1";"0";
"";"";"5.0";"os ecólogos ";" devem prestar";"uma cuidadosa atenção ";"";"";"1";"1";"1";
"";"";"6.0";"os ecólogos ";" devem prestar";"uma cuidadosa atenção a os tamanhos de as populações ";"";"";"1";"1";"1";
"";"";"7.0";"os ecólogos ";" devem prestar";"uma cuidadosa atenção de o que en as grandes ";"";"";"1";"1";"1";
"18";"Dentro de as populações , os indivíduos podem variar em relação a o género , idade , experiência , posição social , genótipo e os efeitos acumulados de acidentes e acaso . ";"1.0";"os indivíduos ";" podem variar";"em relação a o género , idade , experiência , posição social ";"";"";"1";"1";"1";
"";"";"2.0";"os indivíduos ";" podem variar";"em relação a o género , idade , experiência , posição social , genótipo e os efeitos acumulados de acidentes e acaso ";"";"";"1";"1";"1";
"";"";"3.0";"os indivíduos ";" podem variar";"Dentro de as populações ";"";"";"1";"1";"1";
"";"";"4.0";"os indivíduos ";" podem variar";"em relação a o género , idade , genótipo e os efeitos acumulados de acidentes e acaso ";"";"";"1";"1";"0";
"19";"A evolução ocorre quando diferenças genéticas entre indivíduos resultam em diferentes taxas de nascimento ou de morte , e por isso diferentes dinâmicas populacionais . ";"1.0";"diferenças genéticas entre indivíduos ";" resultam";"em diferentes taxas de nascimento ou de morte ";"";"";"1";"1";"1";
"";"";"2.0";"diferenças genéticas entre indivíduos ";" resultam";"em diferentes taxas de nascimento ou de morte , e por isso diferentes dinâmicas populacionais ";"";"";"1";"1";"1";
"";"";"3.0";"diferenças genéticas entre indivíduos ";" resultam";"e por isso diferentes dinâmicas populacionais ";"";"";"1";"1";"0";
"20";"A razão sexual e a estrutura de idade influenciam a dinâmica populacional devido a as variações relacionadas a o sexo e a a idade en o nascimento e en a morte . ";"";"";"";"";"";"";"";"";
"21";"Estes aspectos de a estrutura populacional são por isso uma parte importante de a nossa compreensão de como as populações mudam a o longo de o tempo . ";"1.0";"Estes aspectos de a estrutura populacional ";" são";"por isso uma parte importante de a nossa compreensão como as populações mudam a o longo de o tempo ";"";"";"1";"1";"1";
"";"";"2.0";"as populações ";" mudam";"a o longo de o tempo ";"";"";"1";"1";"1";
"";"";"3.0";"as populações ";" mudam";"de como ";"";"";"1";"1";"1";
"22";"A estrutura espacial de uma população tem três propriedades principais : distribuição dispersão e densidade . ";"1.0";"A estrutura espacial de uma população ";" tem";"três propriedades principais distribuição dispersão e densidade ";"";"";"1";"1";"1";
"23";"A distribuição de uma população descreve a sua abrangência geográfica e ecológica , a qual é determinada primordialmente por a presença ou ausência de habitat adequado . ";"1.0";"A distribuição de uma população ";" descreve";"a sua abrangência geográfica e ecológica ";"";"";"1";"1";"1";
"";"";"2.0";"A distribuição de uma população ";" descreve";"a sua abrangência geográfica e ecológica , a qual é determinada primordialmente por a presença ou ausência de habitat adequado ";"";"";"1";"1";"1";
"";"";"3.0";"a qual ";" é determinada";"primordialmente por a presença ou ausência de habitat adequado ";"";"";"1";"1";"1";
"";"";"4.0";"a qual ";" é determinada";"por a presença ou ausência de habitat adequado ";"";"";"1";"1";"0";
"24";"Deste modo , a distribuição de a maple - de - açúcar en os Estados Unidos e Canadá é interrompida abruptamente a leste por o Oceano Atlântico , mais gradualmente a oeste , por a baixa precipitação , a norte , pêlos frios invernos , e a o sul , pêlos verões quen - tes . ";"1.0";"a distribuição de a maple - de - açúcar en os Estados Unidos e Canadá ";" é interrompida";"abruptamente ";"";"";"1";"1";"1";
"";"";"2.0";"a distribuição de a maple - de - açúcar en os Estados Unidos e Canadá ";" é interrompida";"Deste modo ";"";"";"1";"1";"1";
"25";"Indubitavelmente , hábitats mais adequados existem em todo o mundo , especialmente en a Europa e Ásia , mas a maple - de - açúcar desenvolveu - se en a América de o Norte e não teve oportunidade de colonizar essas outras áreas . ";"1.0";"Indubitavelmente hábitats , mais adequados ";" existem";"em todo o mundo ";"";"";"1";"1";"1";
"";"";"2.0";"Indubitavelmente hábitats , mais adequados ";" existem";"em todo o mundo , especialmente en a Europa e Ásia ";"";"";"1";"1";"1";
"";"";"3.0";"Indubitavelmente hábitats , mais adequados ";" existem";"em todo o mundo , especialmente en a Europa e Ásia , mas a maple - de - açúcar desenvolveu - en a América de o Norte ";"";"";"1";"1";"1";
"";"";"4.0";"Indubitavelmente hábitats , mais adequados ";" existem";"em todo o mundo , especialmente en a Europa e Ásia , mas a maple - de - açúcar desenvolveu - en a América de o Norte e não teve oportunidade de colonizar essas outras áreas ";"";"";"1";"1";"1";
"";"";"5.0";"Indubitavelmente hábitats , mais adequados ";" existem";"especialmente en a Europa e Ásia ";"";"";"1";"1";"0";
"";"";"6.0";"Indubitavelmente hábitats , mais adequados ";" existem";"mas a maple - de - açúcar desenvolveu - en a América de o Norte ";"";"";"1";"1";"0";
"";"";"7.0";"Indubitavelmente hábitats , mais adequados ";" existem";"mas a maple - de - açúcar desenvolveu - e não teve oportunidade de colonizar essas outras áreas ";"";"";"1";"1";"0";
"";"";"8.0";"a maple de - açúcar ";" desenvolveu - se";"en a América de o Norte ";"";"";"1";"1";"1";
"26";"Os limites de distribuição impostos por as barreiras de dispersão a longa distância revelam - se dramaticamente quando espécies introduzidas se expandem com sucesso em novas regiões de colonização . ";"1.0";"Os limites de distribuição ";" revelam - se";"dramaticamente ";"";"";"1";"1";"1";
"";"";"2.0";"Os limites de distribuição ";" revelam - se";"dramaticamente impostos por as barreiras de dispersão ";"";"";"1";"1";"1";
"";"";"3.0";"a longa distância ";" revelam - se";"dramaticamente ";"";"";"1";"1";"1";
"";"";"4.0";"a longa distância ";" revelam - se";"dramaticamente impostos por as barreiras de dispersão ";"";"";"1";"1";"1";
"";"";"5.0";"espécies introduzidas ";" se expandem";"com sucesso ";"";"";"1";"1";"1";
"";"";"6.0";"espécies introduzidas ";" se expandem";"com sucesso em novas regiões de colonização ";"";"";"1";"1";"1";
"";"";"7.0";"espécies introduzidas ";" se expandem";"em novas regiões de colonização ";"";"";"1";"1";"0";
"27";"Por exemplo , em 1890 e 1891 , 160 estorninhos europeus ( Sturnus vulgaris ) foram soltos en o Central Park , en a cidade de New York . ";"1.0";"160 em 1890 Por exemplo estorninhos , e 1891 europeus ";" foram";"soltos ";"";"";"1";"1";"1";
"";"";"2.0";"160 em 1890 Por exemplo estorninhos , e 1891 europeus ";" foram";"soltos en o Central Park , en a cidade de New York ";"";"";"1";"1";"1";
"28";"Em 60 anos , a população expandiu - se para cobrir mais de 7,7 milhões de quilómetros quadrados e abranger o país de costa a costa . ";"1.0";"a população ";" expandiu - se";"para cobrir milhões de quilómetros quadrados e abranger o país de costa a costa ";"";"";"1";"1";"1";
"";"";"2.0";"a população ";" expandiu - se";"Em 60 anos ";"";"";"1";"1";"1";
"29";"Os hábitats ocupados pêlos estorninhos en a América de o Norte ( principalmente parques de cidades , fazendas e pastos ) assemelham - se a os hábitats de preferência en a Europa . ";"1.0";"Os hábitats ";" ocupados";"pêlos estorninhos en a América de o Norte ( principalmente parques de cidades , fazendas e pastos ) assemelham - a os hábitats de preferência ";"";"";"1";"1";"1";
"";"";"2.0";"Os hábitats ";" ocupados";"pêlos estorninhos en a América de o Norte ( principalmente parques de cidades , fazendas e pastos ) assemelham - a os hábitats de preferência en a Europa ";"";"";"1";"1";"1";
"";"";"3.0";"pêlos ";" assemelham - se";"a os hábitats de preferência ";"";"";"1";"1";"1";
"";"";"4.0";"pêlos ";" assemelham - se";"a os hábitats de preferência en a Europa ";"";"";"1";"1";"1";
"";"";"5.0";"pêlos ";" assemelham - se";"a os hábitats en a Europa ";"";"";"1";"1";"0";
"30";"Fatores ecológicos súbitos , qualida - dês intrínsecas de uma espécie que determinam se ela é boa ou má colonizadora , e o aca - só determinam o resultado de as introduções . ";"1.0";"Fatores ecológicos súbitos , qualida - dês colonizadora intrínsecas ";" determinam";"o resultado de as introduções ";"";"";"1";"1";"1";
"31";"Mesmo o prolífico estorninho foi introduzido por o menos três vezes en os Estados Unidos en a Pennsylvania , Ohio e Oregon antes que ele finalmente se estabelecesse em New York . ";"1.0";"o prolífico estorninho ";" foi introduzido";"três vezes ";"";"";"1";"1";"1";
"";"";"2.0";"o prolífico estorninho ";" foi introduzido";"três vezes en os Estados Unidos ";"";"";"1";"1";"1";
"";"";"3.0";"o prolífico estorninho ";" foi introduzido";"três vezes en os Estados Unidos en a Pennsylvania , Ohio ";"";"";"1";"1";"1";
"";"";"4.0";"o prolífico estorninho ";" foi introduzido";"três vezes en os Estados Unidos en a Pennsylvania , Ohio e Oregon ";"";"";"1";"1";"1";
"";"";"5.0";"o prolífico estorninho ";" foi introduzido";"Mesmo ";"";"";"1";"1";"1";
"";"";"6.0";"o prolífico estorninho ";" foi introduzido";"en os Estados Unidos ";"";"";"1";"1";"0";
"";"";"7.0";"o prolífico estorninho ";" foi introduzido";"en a Pennsylvania , Ohio ";"";"";"1";"1";"0";
"";"";"8.0";"o prolífico estorninho ";" foi introduzido";"e Oregon ";"";"";"1";"1";"0";
"";"";"9.0";"ele ";" finalmente se estabelecesse";"em New York ";"";"";"1";"1";"1";
"32";"Dentro de a abrangência geográfica de uma população , os indivíduos geralmente vivem somente em um habitat adequado . ";"1.0";"os indivíduos ";" geralmente vivem";"somente em um habitat adequado ";"";"";"1";"1";"1";
"";"";"2.0";"os indivíduos ";" geralmente vivem";"Dentro de a abrangência geográfica de uma população ";"";"";"1";"1";"1";
"";"";"3.0";"os indivíduos ";" geralmente vivem";"em um habitat adequado ";"";"";"1";"1";"0";
"33";"As maples - de - açúcar não crescem em alagados , em maninhos de serpentina , em dunas recém - formadas , em áreas recentemente queimadas , l ou em uma variedade de outros hábitats que se situam simplesmente fora de sua abrangência de tolerância ecológica . ";"1.0";"As maples de - açúcar ";" não crescem";"em alagados ";"";"";"1";"1";"1";
"";"";"2.0";"As maples de - açúcar ";" não crescem";"em alagados , em maninhos de serpentina ";"";"";"1";"1";"1";
"";"";"3.0";"As maples de - açúcar ";" não crescem";"em alagados , em maninhos de serpentina , em dunas recém - formadas , em áreas recentemente queimadas , l ou em uma variedade de outros hábitats que se situam simplesmente fora de sua abrangência de tolerância ecológica ";"";"";"1";"1";"1";
"";"";"4.0";"As maples de - açúcar ";" não crescem";"em maninhos de serpentina ";"";"";"1";"1";"0";
"";"";"5.0";"As maples de - açúcar ";" não crescem";"em dunas recém - formadas , em áreas recentemente queimadas , l ou em uma variedade de outros hábitats que se situam simplesmente fora de sua abrangência de tolerância ecológica ";"";"";"1";"1";"0";
"";"";"6.0";"que ";" se situam";"simplesmente fora de sua abrangência de tolerância ecológica ";"";"";"1";"1";"1";
"";"";"7.0";"que ";" se situam";"fora de sua abrangência de tolerância ecológica ";"";"";"1";"1";"0";
"34";"Por isso a abrangência geográfica de a maple - de - açúcar aparece como um monte de retalhos de áreas ocupadas e não - ocupadas . ";"1.0";"a abrangência geográfica de a maple - de - açúcar ";" aparece";"como um monte de retalhos de áreas ocupadas ";"";"";"1";"1";"1";
"";"";"2.0";"a abrangência geográfica de a maple - de - açúcar ";" aparece";"como um monte de retalhos de áreas ocupadas e não - ocupadas ";"";"";"1";"1";"1";
"";"";"3.0";"a abrangência geográfica de a maple - de - açúcar ";" aparece";"Por isso ";"";"";"1";"1";"1";
"";"";"4.0";"a abrangência geográfica de a maple - de - açúcar ";" aparece";"e não - ocupadas ";"";"";"1";"1";"0";
"35";"O clima , a topografia , a química de o solo e a textura de o solo exercem influência progressivamente mais refinada de a distribuição geográfica de o arbusto perene Clematis fremontii ( Fig 14.2 ) . ";"1.0";"O clima ";" exercem";"influência mais refinada de a distribuição geográfica de o arbusto perene Clematis fremontii ";"";"";"1";"1";"1";
"";"";"2.0";"O clima ";" exercem";"influência mais refinada de a distribuição geográfica de o arbusto perene Clematis fremontii ( Fig 14.2 ";"";"";"1";"1";"1";
"";"";"3.0";"O clima ";" exercem";"influência mais refinada de a distribuição geográfica de o arbusto perene Clematis fremontii ( Fig 14.2 ) ";"";"";"1";"1";"1";
"";"";"4.0";"a química de o solo e a textura de o solo ";" exercem";"influência mais refinada de a distribuição geográfica de o arbusto perene Clematis fremontii ";"";"";"1";"1";"1";
"";"";"5.0";"a química de o solo e a textura de o solo ";" exercem";"influência mais refinada de a distribuição geográfica de o arbusto perene Clematis fremontii ( Fig 14.2 ";"";"";"1";"1";"1";
"";"";"6.0";"a química de o solo e a textura de o solo ";" exercem";"influência mais refinada de a distribuição geográfica de o arbusto perene Clematis fremontii ( Fig 14.2 ) ";"";"";"1";"1";"1";
"36";"O clima e talvez as interações com espécies aparentadas ecológicamente restringem esta espécie de Clematis a uma pequena parte de o meio - oeste de os Esta - de os Unidos . ";"1.0";"O clima e talvez as interações com espécies ";" aparentadas";"ecológicamente restringem esta espécie de Clematis ";"";"";"1";"1";"1";
"";"";"2.0";"O clima e talvez as interações com espécies ";" aparentadas";"ecológicamente restringem esta espécie de Clematis a uma pequena parte de o meio - oeste de os Esta - de os Unidos ";"";"";"1";"1";"1";
"";"";"3.0";"O clima e talvez as interações com espécies ";" aparentadas";"restringem esta espécie de Clematis ";"";"";"1";"1";"0";
"";"";"4.0";"O clima e talvez as interações com espécies ";" aparentadas";"restringem a uma pequena parte de o meio - oeste de os Esta - de os Unidos ";"";"";"1";"1";"0";
"37";"A variedade riehlii ocorre somente en o município de Jefferson , Missouri . ";"1.0";"A variedade riehlii ";" ocorre";"somente en o município de Jefferson ";"";"";"1";"1";"1";
"";"";"2.0";"A variedade riehlii ";" ocorre";"somente en o município de Jefferson , Missouri ";"";"";"1";"1";"1";
"";"";"3.0";"A variedade riehlii ";" ocorre";"en o município de Jefferson ";"";"";"1";"1";"0";
"";"";"4.0";"A variedade riehlii ";" ocorre";"en o município , Missouri ";"";"";"1";"1";"0";
"38";"Dentro de sua abrangência geográfica , a Clematis fremontii está restrita a os solos rochosos e secos de os afloramentos de calcário . ";"1.0";"a Clematis ";" está";"restrita a os solos rochosos e secos ";"";"";"1";"1";"1";
"";"";"2.0";"a Clematis ";" está";"restrita a os solos rochosos e secos de os afloramentos de calcário ";"";"";"1";"1";"1";
"";"";"3.0";"a Clematis ";" está";"restrita a os solos rochosos e secos de os afloramentos de calcário Dentro de sua abrangência geográfica ";"";"";"1";"1";"1";
"39";"Pequenas variações en o relevo e en a qualidade de o solo confinam ainda mais a distribuição de o Clematis dentro de cada clareira de calcário a os locais de condições adequadas de umidade , nutrientes e estrutura de solo . ";"1.0";"Pequenas variações en o relevo ";" confinam";"ainda mais a distribuição de o Clematis ";"";"";"1";"1";"1";
"";"";"2.0";"Pequenas variações en o relevo ";" confinam";"ainda mais a distribuição de o Clematis dentro de cada clareira de calcário ";"";"";"1";"1";"1";
"";"";"3.0";"Pequenas variações en o relevo ";" confinam";"ainda mais a distribuição de o Clematis dentro de cada clareira de calcário a os locais de condições adequadas de umidade , nutrientes ";"";"";"1";"1";"1";
"";"";"4.0";"Pequenas variações en o relevo ";" confinam";"ainda mais a distribuição de o Clematis dentro de cada clareira de calcário a os locais de condições adequadas de umidade , nutrientes e estrutura de solo ";"";"";"1";"1";"1";
"";"";"5.0";"Pequenas variações en o relevo ";" confinam";"a distribuição de o Clematis e en a qualidade de o solo ";"";"";"1";"1";"1";
"";"";"6.0";"Pequenas variações en o relevo ";" confinam";"a distribuição de o Clematis dentro de cada clareira de calcário ";"";"";"1";"1";"0";
"";"";"7.0";"Pequenas variações en o relevo ";" confinam";"a distribuição a os locais de condições adequadas de umidade , nutrientes ";"";"";"1";"1";"0";
"";"";"8.0";"Pequenas variações en o relevo ";" confinam";"a distribuição de o Clematis e estrutura de solo ";"";"";"1";"1";"0";
"40";"Agregados locais ocorrendo dentro de cada um desses locais consistem em muitos indivíduos distribuídos mais ou menos uniformemente . ";"1.0";"Agregados locais ";" ocorrendo";"dentro de cada um desses locais ";"";"";"1";"1";"1";
"";"";"2.0";"Agregados locais ";" ocorrendo";"dentro de cada um desses locais consistem em muitos indivíduos distribuídos mais ou menos uniformemente ";"";"";"1";"1";"1";
"";"";"3.0";"Agregados locais ";" ocorrendo";"consistem em muitos indivíduos distribuídos mais ou menos uniformemente ";"";"";"1";"1";"0";
"41";"A cotovia - de - chifre ( horned lark , Eremophila alpestris ) , um pequeno pássaro canoro de campos reduzidos , ocorre mais amplamente en a América de o Norte de o que a Clematis fremontii , mas sua distribuição local reflete súbitas variações de habitat , os indivíduos até usam algumas partes de seus territórios mais de o que outras . ";"1.0";"sua distribuição local ";" reflete";"súbitas variações de habitat ";"";"";"1";"1";"1";
"";"";"2.0";"sua distribuição local ";" reflete";"súbitas variações de habitat , os indivíduos até usam algumas partes de seus territórios mais que outras ";"";"";"1";"1";"1";
"42";"As distribuições de populações incluem todas as áreas que eles ocupam durante seus ciclos de vida . ";"1.0";"As distribuições de populações ";" incluem";"todas as áreas que eles ocupam durante seus ciclos de vida ";"";"";"1";"1";"1";
"";"";"2.0";"que ";" ocupam";"durante seus ciclos de vida ";"";"";"1";"1";"1";
"";"";"3.0";"eles ";" ocupam";"durante seus ciclos de vida ";"";"";"1";"1";"1";
"43";"Deste modo , a abrangência geográfica de o salmão inclui não apenas os rios que servem como áreas de desova mas também as vastas áreas de o mar onde os indivíduos crescem até a maturidade antes de fazerem a longa migração de volta a os seus locais de nascimento . ";"1.0";"a abrangência geográfica de o salmão ";" inclui";"não apenas os rios que servem como áreas de desova ";"";"";"1";"1";"1";
"";"";"2.0";"a abrangência geográfica de o salmão ";" inclui";"não apenas os rios que servem como áreas de desova mas também as vastas áreas de o mar onde os indivíduos crescem até a maturidade ";"";"";"1";"1";"1";
"";"";"3.0";"a abrangência geográfica de o salmão ";" inclui";"não apenas os rios que servem como áreas de desova mas também as vastas áreas de o mar onde os indivíduos crescem até a maturidade antes de fazerem a longa migração de volta ";"";"";"1";"1";"1";
"";"";"4.0";"a abrangência geográfica de o salmão ";" inclui";"não apenas os rios que servem como áreas de desova mas também as vastas áreas de o mar onde os indivíduos crescem até a maturidade antes de fazerem a longa migração de volta a os seus locais de nascimento ";"";"";"1";"1";"1";
"";"";"5.0";"a abrangência geográfica de o salmão ";" inclui";"não apenas os rios mas também as vastas áreas de o mar Deste modo ";"";"";"1";"1";"1";
"";"";"6.0";"que ";" servem";"como áreas de desova ";"";"";"1";"1";"1";
"";"";"7.0";"os indivíduos ";" crescem";"até a maturidade ";"";"";"1";"1";"1";
"";"";"8.0";"os indivíduos ";" crescem";"até a maturidade antes de fazerem a longa migração de volta ";"";"";"1";"1";"1";
"";"";"9.0";"os indivíduos ";" crescem";"até a maturidade antes de fazerem a longa migração de volta a os seus locais de nascimento ";"";"";"1";"1";"1";
"";"";"10.0";"os indivíduos ";" crescem";"onde ";"";"";"1";"1";"1";
"";"";"11.0";"os indivíduos ";" crescem";"antes de fazerem a longa migração de volta ";"";"";"1";"1";"0";
"";"";"12.0";"os indivíduos ";" crescem";"antes de fazerem a os seus locais de nascimento ";"";"";"1";"1";"0";
"44";"Muitos pássaros realizam migrações anuais em direção a lugares quentes durante os meses de inverno . ";"1.0";"Muitos pássaros ";" realizam";"migrações anuais ";"";"";"1";"1";"1";
"";"";"2.0";"Muitos pássaros ";" realizam";"migrações anuais em direção a lugares quentes ";"";"";"1";"1";"1";
"";"";"3.0";"Muitos pássaros ";" realizam";"migrações anuais em direção a lugares quentes durante os meses de inverno ";"";"";"1";"1";"1";
"";"";"4.0";"Muitos pássaros ";" realizam";"migrações anuais durante os meses de inverno ";"";"";"1";"1";"0";
"45";"Deste modo , a abrangência de a blackburnian warbler situa - se inteiramente dentro de o nordeste de os Estados Unidos e sudeste de o Canadá durante o verão , mas inteiramente en a América Central e norte de a América de o Sul durante o inverno . ";"1.0";"a abrangência de a blackburnian warbler ";" situa - se";"inteiramente dentro de o nordeste de os Estados Unidos e sudeste de o Canadá ";"";"";"1";"1";"1";
"";"";"2.0";"a abrangência de a blackburnian warbler ";" situa - se";"inteiramente dentro de o nordeste de os Estados Unidos e sudeste de o Canadá durante o verão ";"";"";"1";"1";"1";
"";"";"3.0";"a abrangência de a blackburnian warbler ";" situa - se";"inteiramente dentro de o nordeste de os Estados Unidos e sudeste de o Canadá durante o verão , mas inteiramente en a América Central e norte de a América de o Sul ";"";"";"1";"1";"1";
"";"";"4.0";"a abrangência de a blackburnian warbler ";" situa - se";"inteiramente dentro de o nordeste de os Estados Unidos e sudeste de o Canadá durante o verão , mas inteiramente en a América Central e norte de a América de o Sul durante o inverno ";"";"";"1";"1";"1";
"";"";"5.0";"a abrangência de a blackburnian warbler ";" situa - se";"Deste modo ";"";"";"1";"1";"1";
"";"";"6.0";"a abrangência de a blackburnian warbler ";" situa - se";"dentro de o nordeste de os Estados Unidos e sudeste de o Canadá ";"";"";"1";"1";"0";
"";"";"7.0";"a abrangência de a blackburnian warbler ";" situa - se";"durante o verão ";"";"";"1";"1";"0";
"";"";"8.0";"a abrangência de a blackburnian warbler ";" situa - se";"mas inteiramente en a América Central e norte de a América de o Sul ";"";"";"1";"1";"0";
"";"";"9.0";"a abrangência de a blackburnian warbler ";" situa - se";"mas inteiramente en a América durante o inverno ";"";"";"1";"1";"0";
"46";"O tamanho e as variações de ano para ano de a população dessas espécies migratórias dependem de as interações de os indivíduos com seus ambientes a o longo de todo o ano . ";"1.0";"O tamanho e as variações de ano para ano de a população dessas espécies migratórias ";" dependem";"de as interações de os indivíduos ";"";"";"1";"1";"1";
"";"";"2.0";"O tamanho e as variações de ano para ano de a população dessas espécies migratórias ";" dependem";"de as interações de os indivíduos com seus ambientes a o longo de todo o ano ";"";"";"1";"1";"1";
"";"";"3.0";"O tamanho e as variações de ano para ano de a população dessas espécies migratórias ";" dependem";"com seus ambientes a o longo de todo o ano ";"";"";"1";"1";"0";
"47";"Deste modo , as modificações ecológicas en a Bacia Amazônica ou en a África Central podem afetar as populações de espécies migratórias que se reproduzem en as florestas de o leste de a América de o Norte ou de a Europa . ";"1.0";"as modificações en a Bacia Amazônica ou en a África Central ";" podem afetar";"as populações de espécies migratórias ";"";"";"1";"1";"1";
"";"";"2.0";"as modificações en a Bacia Amazônica ou en a África Central ";" podem afetar";"as populações de espécies migratórias que se reproduzem en as florestas de o leste de a América de o Norte ";"";"";"1";"1";"1";
"";"";"3.0";"as modificações en a Bacia Amazônica ou en a África Central ";" podem afetar";"as populações de espécies migratórias que se reproduzem en as florestas de o leste de a América de o Norte ou de a Europa ";"";"";"1";"1";"1";
"";"";"4.0";"as modificações en a Bacia Amazônica ou en a África Central ";" podem afetar";"as populações de espécies migratórias Deste modo ";"";"";"1";"1";"1";
"";"";"5.0";"que ";" se reproduzem";"en as florestas de o leste de a América de o Norte ";"";"";"1";"1";"1";
"";"";"6.0";"que ";" se reproduzem";"en as florestas de o leste de a América de o Norte ou de a Europa ";"";"";"1";"1";"1";
"";"";"7.0";"que ";" se reproduzem";"en as florestas ou de a Europa ";"";"";"1";"1";"0";
"48";"As áreas sombreadas representam as áreas de procriação , os pontilhados indicam registros de aves en os invernos precedentes . ";"1.0";"As áreas sombreadas ";" representam";"as áreas de procriação ";"";"";"1";"1";"1";
"";"";"2.0";"os pontilhados ";" indicam";"registros de aves ";"";"";"1";"1";"1";
"";"";"3.0";"os pontilhados ";" indicam";"registros de aves en os invernos precedentes ";"";"";"1";"1";"1";
"49";"A população agora habita o país inteiro . ";"1.0";"A população ";" agora habita";"o país inteiro ";"";"";"1";"1";"1";
"50";"Para comparação , o Brasil tem uma área de aproximadamente 8,5 milhões de quilómetros quadrados . ";"1.0";"o Brasil ";" tem";"uma área de aproximadamente 8,5 milhões de quilómetros quadrados ";"";"";"1";"1";"1";
"";"";"2.0";"o Brasil ";" tem";"uma área de aproximadamente 8,5 milhões de quilómetros quadrados Para comparação ";"";"";"1";"1";"1";
"51";"Segundo o Aurélio , área de terra inculta , estéril , ou não - aproveitável para o cultivo . ";"";"";"";"";"";"";"";"";
"52";"en a distribuição de uma população , a dispersão caracteriza o espaçamento de os indivíduos entre si , formando padrões que variam de a compacta distribuição agregada em agrupamentos discretos ( não contínuos ) até distribuições homogéneas . ";"1.0";"a dispersão ";" caracteriza";"o espaçamento de os indivíduos ";"";"";"1";"1";"1";
"";"";"2.0";"a dispersão ";" caracteriza";"o espaçamento de os indivíduos entre si , formando padrões que variam de a compacta distribuição agregada ";"";"";"1";"1";"1";
"";"";"3.0";"a dispersão ";" caracteriza";"o espaçamento de os indivíduos entre si , formando padrões que variam de a compacta distribuição agregada em agrupamentos discretos ";"";"";"1";"1";"1";
"";"";"4.0";"a dispersão ";" caracteriza";"o espaçamento de os indivíduos entre si , formando padrões que variam de a compacta distribuição agregada em agrupamentos discretos até distribuições homogéneas ";"";"";"1";"1";"1";
"";"";"5.0";"a dispersão ";" caracteriza";"o espaçamento de os indivíduos en a distribuição de uma população ";"";"";"1";"1";"1";
"";"";"6.0";"a dispersão ";" caracteriza";"o espaçamento de os indivíduos entre si , formando em agrupamentos discretos ";"";"";"1";"1";"0";
"";"";"7.0";"a dispersão ";" caracteriza";"o espaçamento de os indivíduos até distribuições homogéneas ";"";"";"1";"1";"0";
"";"";"8.0";"que ";" variam";"de a compacta distribuição agregada ";"";"";"1";"1";"1";
"";"";"9.0";"que ";" variam";"de a compacta distribuição agregada em agrupamentos discretos ";"";"";"1";"1";"1";
"";"";"10.0";"que ";" variam";"em agrupamentos discretos ";"";"";"1";"1";"0";
"53";"Entre estes extremos encontra - se a dispersão aleatória ( ou randômica ) , en a qual os indivíduos estão distribuídos a o acaso em toda uma área a despeito de a presença de outros . ";"1.0";"os indivíduos ";" estão distribuídos";"a o acaso ";"";"";"1";"1";"1";
"";"";"2.0";"os indivíduos ";" estão distribuídos";"a o acaso em toda uma área a despeito de a presença de outros ";"";"";"1";"1";"1";
"";"";"3.0";"os indivíduos ";" estão distribuídos";"en a qual ";"";"";"1";"1";"1";
"";"";"4.0";"os indivíduos ";" estão distribuídos";"em toda uma área a despeito de a presença de outros ";"";"";"1";"1";"0";
"54";"Os padrões de distribuição homogénea e agrupada derivam de processos diferentes . ";"";"";"";"";"";"";"";"";
"55";"Um espaçamento uniforme a as vezes chamado de hiperdispersão surge comu - mente de interações diretas entre indivíduos . ";"1.0";"Um espaçamento uniforme a as vezes ";" chamado";"de hiperdispersão ";"";"";"1";"1";"1";
"56";"A manutenção de uma distância mínima entre cada espécime e seu vizinho mais próximo resulta em um espaçamento uniforme , por exemplo , em suas colónias abarrotadas , as aves marinhas colocam seus ninhos exatamente onde termina o de o vizinho . ";"1.0";"A manutenção de uma distância mínima ";" resulta";"em um espaçamento uniforme , por exemplo ";"";"";"1";"1";"1";
"";"";"2.0";"A manutenção de uma distância mínima ";" resulta";"em um espaçamento uniforme , por exemplo , em suas colónias abarrotadas ";"";"";"1";"1";"1";
"";"";"3.0";"A manutenção de uma distância mínima ";" resulta";"entre cada espécime e seu vizinho mais próximo ";"";"";"1";"1";"1";
"";"";"4.0";"A manutenção de uma distância mínima ";" resulta";"em suas colónias abarrotadas ";"";"";"1";"1";"0";
"";"";"5.0";"as aves marinhas ";" colocam";"seus ninhos exatamente onde termina ";"";"";"1";"1";"1";
"57";"As plantas situadas muito próximas a vizinhos maiores frequentemente sofrem os efeitos de o sombreamento e competição de raízes , a a medida que os vizinhos morrem , o espaçamento entre os indivíduos torna - se mais uniforme . ";"1.0";"As plantas ";" situadas";"muito próximas a vizinhos maiores ";"";"";"1";"1";"1";
"";"";"2.0";"As plantas ";" situadas";"muito próximas a vizinhos maiores frequentemente sofrem os efeitos de o sombreamento e competição de raízes , a a medida que os vizinhos morrem , o espaçamento entre os indivíduos torna - se mais uniforme ";"";"";"1";"1";"1";
"";"";"3.0";"As plantas ";" situadas";"muito próximas a vizinhos maiores sofrem os efeitos de o sombreamento e competição de raízes , a a medida que os vizinhos morrem , o espaçamento entre os indivíduos torna - se mais uniforme ";"";"";"1";"1";"0";
"";"";"4.0";"sofrem os efeitos de o sombreamento e competição de raízes , a a medida , o espaçamento entre os indivíduos ";" torna";"- se mais uniforme ";"";"";"1";"5";"1";
"58";"O agrupamento , ou agregação , resulta de as tendências sociais de os indivíduos a formar grupos , de as distribuições de recursos em blocos conjuntos , e de a tendência de os filhotes em permanecer en a proximidade de seus pais . ";"";"";"";"";"";"";"";"";
"59";"As salamandras que preferem viver sob toras apresentam distribuições agrupadas correspondentes a os padrões de os troncos mortos caídos . ";"1.0";"As salamandras ";" apresentam";"distribuições agrupadas correspondentes a os padrões de os troncos mortos caídos ";"";"";"1";"1";"1";
"";"";"2.0";"que ";" preferem";"viver sob toras ";"";"";"1";"1";"1";
"60";"Os pássaros que viajam em grandes grupos muitas vezes agregam - se para sentirem - se mais seguros por a quantidade . ";"1.0";"que ";" viajam";"em grandes grupos ";"";"";"1";"1";"1";
"";"";"2.0";"que ";" viajam";"em grandes grupos muitas vezes agregam - para sentirem - ";"";"";"1";"1";"1";
"";"";"3.0";"que ";" viajam";"em grandes grupos muitas vezes agregam - para sentirem - por a quantidade ";"";"";"1";"1";"1";
"";"";"4.0";"que ";" viajam";"muitas vezes agregam - para sentirem - ";"";"";"1";"1";"0";
"";"";"5.0";"que ";" viajam";"muitas vezes agregam - por a quantidade ";"";"";"1";"1";"0";
"61";"Finalmente , en a ausência de antagonismo social ou atração mútua , os espécimes podem distribuir - se aleatoriamente a despeito de a localização de outros espécimes dentro de a população . ";"1.0";"os espécimes ";" podem distribuir - se";"aleatoriamente a despeito de a localização de outros espécimes ";"";"";"1";"1";"1";
"";"";"2.0";"os espécimes ";" podem distribuir - se";"aleatoriamente a despeito de a localização de outros espécimes dentro de a população ";"";"";"1";"1";"1";
"";"";"3.0";"os espécimes ";" podem distribuir - se";"a despeito de a localização de outros espécimes Finalmente ";"";"";"1";"1";"1";
"";"";"4.0";"os espécimes ";" podem distribuir - se";"a despeito de a localização de outros espécimes Finalmente , en a ausência de antagonismo social ";"";"";"1";"1";"1";
"";"";"5.0";"os espécimes ";" podem distribuir - se";"a despeito de a localização de outros espécimes Finalmente , en a ausência de antagonismo social ou atração mútua ";"";"";"1";"1";"1";
"";"";"6.0";"os espécimes ";" podem distribuir - se";"a despeito de a localização de outros espécimes dentro de a população ";"";"";"1";"1";"0";
"62";"Os três padrões gerais de dispersão podem ser distinguidos por diversos testes estatísticos , um de os quais está ilustrado en o Quadro 14.1 . ";"1.0";"um de os quais ";" está";"ilustrado ";"";"";"1";"1";"1";
"";"";"2.0";"um de os quais ";" está";"ilustrado en o Quadro 14.1 ";"";"";"1";"1";"1";
"";"";"3.0";"um de os quais ";" está";"ilustrado por diversos testes estatísticos ";"";"";"1";"1";"1";
"63";"Podemos comparar padrões de dispersão a os valores esperados de as distribuições espaciais aleatórias . ";"";"";"";"";"";"";"";"";
"64";"Uma de as mais importantes é a distribuição de Poisson , que descreve o número esperado de indivíduos localizados aleatoriamente dentro de uma região de amostra . ";"1.0";"a distribuição de Poisson ";" é";"mais importantes ";"";"";"1";"1";"1";
"";"";"2.0";"que ";" descreve";"o número esperado de indivíduos localizados aleatoriamente dentro de uma região de amostra ";"";"";"1";"1";"1";
"65";"Suponha que dividamos uma área de estudo em regiões de amostra , ou em outras unidades de áreas iguais , e contemos o número de indivíduos em cada região . ";"";"";"";"";"";"";"";"";
"66";"Algumas de as regiões terão um único indivíduo , outras , muitos , e outras ainda , nenhum , dependendo de a densidade de a população e de o tamanho de as regiões . ";"1.0";"Algumas de as regiões ";" terão";"um único indivíduo , outras , muitos , e outras ainda , nenhum , dependendo de a densidade de a população ";"";"";"1";"1";"1";
"";"";"2.0";"Algumas de as regiões ";" terão";"um único indivíduo , outras , muitos , e outras ainda , nenhum , dependendo de a densidade de a população e de o tamanho de as regiões ";"";"";"1";"1";"1";
"67";"Considere , por exemplo , o número de acarinos vermelhos ( Trombicula alfreddugesi ) , contados em cada uma de as 150 folhas de a macieira : 70 de as folhas não continham acarinos , 38 tinham 1,17 tinham 2 , e assim por diante , como mostrado en a seguinte tabela . ";"1.0";"70 de as folhas ";" não continham";"acarinos , 38 ";"";"";"1";"1";"1";
"";"";"2.0";"não continham acarinos , 38 ";" tinham 1,17 tinham";"2 , e assim por diante , como mostrado en a seguinte tabela ";"";"";"1";"1";"1";
"";"";"3.0";"não continham acarinos , 38 ";" tinham 1,17 tinham";"2 , e assim por diante , como mostrado en a seguinte tabela em cada uma de as 150 folhas de a macieira ";"";"";"1";"1";"1";
"68";"Como deveria parecer uma distribuição aleatória de acarinos sobre as folhas ? ";"";"";"";"";"";"";"";"";
"69";"Suponha que cada acarino en a população tenha igual probabilidade de se encontrar em cada uma de as folhas ( uma probabilidade de 1/150 , ou 0,067 , por folha ) independentemente de o número de outros acarinos presentes . ";"1.0";"cada acarino en a população ";" tenha";"igual probabilidade de se encontrar em cada uma de as folhas ";"";"";"1";"1";"1";
"70";"Quando os acarinos são distribuídos de acordo com um processo aleatório como esse , a proporção esperada de folhas ( P ) com um dado número de acarinos ( x ) obedece a a distribuição de Poisson . ";"1.0";"os acarinos ";" são distribuídos";"de acordo com um processo aleatório como esse ";"";"";"1";"1";"1";
"71";"Vários estudos reportaram uma distância de endocruzamento ótima em populações de plantas . ";"1.0";"Vários estudos ";" reportaram uma distância";"de endocruzamento ótima ";"";"";"1";"1";"1";
"";"";"2.0";"Vários estudos ";" reportaram uma distância";"de endocruzamento ótima em populações de plantas ";"";"";"1";"1";"1";
"";"";"3.0";"Vários estudos ";" reportaram uma distância";"em populações de plantas ";"";"";"1";"1";"0";
"";"";"4.0";"Vários estudos ";" reportaram";"uma distância de endocruzamento ótima ";"";"";"1";"5";"1";
"72";"Indivíduos vizinhos têm mais probabilidade de ser parentes próximos , o que cria o problema de o endocruzamento . ";"1.0";"Indivíduos vizinhos ";" têm";"mais probabilidade de ser parentes próximos ";"";"";"1";"1";"1";
"73";"Os indivíduos distantes têm mais probabilidade de ser adaptados a condições diferentes . ";"1.0";"Os indivíduos distantes ";" têm";"mais probabilidade de ser adaptados ";"";"";"1";"1";"1";
"74";"Por exemplo , quando as flores de a espora Delphinium nelsoni en o Colorado central foram fertilizadas com pólen obtido de o mesmo indivíduo e de os indivíduos localizados em distâncias de l , 10 , 100 e 1.000 m , o número de sementes produzidas por flor foi máximo de a fonte de pólen que estava a 10 m e mínima para autofertilização e para os pólens vindos de as fontes situadas a 1,000 m . ";"1.0";"as flores de a espora en o Colorado central ";" foram fertilizadas";"com pólen obtido de o mesmo indivíduo e de os indivíduos ";"";"";"1";"1";"1";
"";"";"2.0";"as flores de a espora en o Colorado central ";" foram fertilizadas";"com pólen obtido de o mesmo indivíduo e de os indivíduos localizados em distâncias de l 10 , 100 e 1.000 m ";"";"";"1";"1";"1";
"";"";"3.0";"as flores de a espora en o Colorado central ";" foram fertilizadas";"com pólen obtido de o mesmo indivíduo e de os indivíduos localizados em distâncias de l 10 , 100 e 1.000 m , e para os pólens vindos de as fontes situadas ";"";"";"1";"1";"1";
"";"";"4.0";"as flores de a espora en o Colorado central ";" foram fertilizadas";"com pólen obtido de o mesmo indivíduo e de os indivíduos localizados em distâncias de l 10 , 100 e 1.000 m , e para os pólens vindos de as fontes situadas a 1,000 m ";"";"";"1";"1";"1";
"";"";"5.0";"as flores de a espora en o Colorado central ";" foram fertilizadas";"Por exemplo ";"";"";"1";"1";"1";
"";"";"6.0";"as flores de a espora en o Colorado central ";" foram fertilizadas";"Por exemplo , quando ";"";"";"1";"1";"1";
"";"";"7.0";"as flores de a espora en o Colorado central ";" foram fertilizadas";"localizados em distâncias de l 10 , 100 e 1.000 m ";"";"";"1";"1";"0";
"";"";"8.0";"as flores de a espora en o Colorado central ";" foram fertilizadas";"localizados em distâncias ";"";"";"1";"1";"0";
"";"";"9.0";"as flores de a espora en o Colorado central ";" foram fertilizadas";"e para os pólens vindos de as fontes situadas ";"";"";"1";"1";"0";
"";"";"10.0";"as flores de a espora en o Colorado central ";" foram fertilizadas";"e para os pólens a 1,000 m ";"";"";"1";"1";"0";
"";"";"11.0";"o número de sementes ";" foi";"máximo de a fonte de pólen que estava a 10 m ";"";"";"1";"1";"1";
"";"";"12.0";"o número de sementes ";" foi";"máximo de a fonte de pólen que estava a 10 m e mínima para autofertilização ";"";"";"1";"1";"1";
"";"";"13.0";"o número de sementes ";" foi";"máximo de a fonte de pólen e mínima para autofertilização ";"";"";"1";"1";"0";
"";"";"14.0";"que ";" estava";"a 10 m ";"";"";"1";"1";"1";
"75";"Além disso , quando essas sementes foram plantadas , a sobrevivência para l e para 2 anos favoreceu fortemente os acasalamentos entre as distâncias intermediárias de 10 m . ";"1.0";"essas sementes ";" foram plantadas";"";"";"";"1";"1";"1";
"";"";"2.0";"essas sementes ";" foram plantadas";"a sobrevivência para l ";"";"";"1";"1";"1";
"";"";"3.0";"essas sementes ";" foram plantadas";"a sobrevivência para l e para 2 anos favoreceu fortemente os acasalamentos entre as distâncias intermediárias de 10 m ";"";"";"1";"1";"1";
"";"";"4.0";"essas sementes ";" foram plantadas";"a sobrevivência para l e para 2 anos favoreceu fortemente os acasalamentos entre as distâncias intermediárias de 10 m quando ";"";"";"1";"1";"1";
"76";"As plantas podem não ser capazes de controlar as distâncias que seus polinizadores viajam entre as flores , mas podem manipular a variação genética estabelecendo uma com petição entre grãos de pólen por a oportunidade de fertilizar óvulos e seletivamente abortando óvulos em desenvolvimento baseados en o genótipo de o embrião . ";"1.0";"As plantas ";" podem não ser";"capazes de controlar as distâncias ";"";"";"1";"1";"1";
"";"";"2.0";"As plantas ";" podem não ser";"capazes de controlar as distâncias , mas podem manipular a variação genética ";"";"";"1";"1";"1";
"";"";"3.0";"As plantas ";" podem não ser";"capazes de controlar as distâncias , mas podem manipular a variação genética estabelecendo uma com petição entre grãos de pólen por a oportunidade de fertilizar óvulos seletivamente abortando óvulos em desenvolvimento baseados ";"";"";"1";"1";"1";
"";"";"4.0";"As plantas ";" podem não ser";"capazes de controlar as distâncias , mas podem manipular a variação genética estabelecendo uma com petição entre grãos de pólen por a oportunidade de fertilizar óvulos seletivamente abortando óvulos em desenvolvimento baseados en o genótipo de o embrião ";"";"";"1";"1";"1";
"";"";"5.0";"As plantas ";" podem não ser";"capazes de controlar as distâncias seletivamente abortando óvulos em desenvolvimento baseados ";"";"";"1";"1";"0";
"";"";"6.0";"As plantas ";" podem não ser";"capazes en o genótipo de o embrião ";"";"";"1";"1";"0";
"";"";"7.0";"seus polinizadores ";" viajam";"entre as flores ";"";"";"1";"1";"1";
"77";"A maioria de as plantas produz muito mais flores de o que elas podem sustentar até a maturidade como frutos . ";"1.0";"A maioria de as plantas ";" produz";"muito mais flores de o que elas podem sustentar até a maturidade como frutos ";"";"";"1";"1";"1";
"";"";"2.0";"elas ";" podem sustentar";"até a maturidade como frutos ";"";"";"1";"1";"1";
"78";"Os tubos de pólen devem crescer através de o estilete ( tecido maternal ) para atingir o óvulo . ";"1.0";"Os tubos de pólen ";" devem crescer";"através de o estilete ( tecido maternal ) ";"";"";"1";"1";"1";
"";"";"2.0";"Os tubos de pólen ";" devem crescer";"através de o estilete ( tecido maternal ) para atingir o óvulo ";"";"";"1";"1";"1";
"";"";"3.0";"Os tubos de pólen ";" devem crescer";"para atingir o óvulo ";"";"";"1";"1";"0";
"79";"As interações bioquímicas que controlam a taxa daquele crescimento podem ser sensíveis a o genótipo de o pólen e a as partes florais femininas . ";"1.0";"As interações bioquímicas ";" podem ser";"sensíveis a o genótipo de o pólen ";"";"";"1";"1";"1";
"";"";"2.0";"As interações bioquímicas ";" podem ser";"sensíveis a o genótipo de o pólen e a as partes florais femininas ";"";"";"1";"1";"1";
"";"";"3.0";"que ";" controlam";"a taxa daquele crescimento ";"";"";"1";"1";"1";
"80";"O decréscimo de a resposta resulta de dois fatores : a erosão de a variação genética por a seleção e a aplicação de seleções con - flitantes por mudanças correlacionadas em outros atributos . ";"1.0";"con flitantes por mudanças ";" correlacionadas";"em outros atributos ";"";"";"1";"1";"1";
"81";"A seleção funciona somente quando os indivíduos variam geneticamente dentro de uma população . ";"1.0";"os indivíduos ";" variam";"geneticamente dentro de uma população ";"";"";"1";"1";"1";
"";"";"2.0";"os indivíduos ";" variam";"dentro de uma população ";"";"";"1";"1";"0";
"82";"Quando os alelos não ajustados são removidos por a seleção , a evolução estaciona até que novas mutações ou combinações de genes apareçam . ";"1.0";"os alelos não ajustados ";" são removidos";"por a seleção ";"";"";"1";"1";"1";
"83";"O tempo requerido para um gene dominante substituir seu alelo recessivo depende de sua frequência en o início e en o fim de o processo de substituição e de a força de a seleção . ";"1.0";"O tempo ";" requerido";"para um gene dominante ";"";"";"1";"1";"1";
"";"";"2.0";"seu alelo recessivo ";" depende";"de sua frequência ";"";"";"1";"1";"1";
"";"";"3.0";"seu alelo recessivo ";" depende";"de sua frequência en o início e en o fim de o processo de substituição e de a força de a seleção ";"";"";"1";"1";"1";
"";"";"4.0";"seu alelo recessivo ";" depende";"en o início e en o fim de o processo de substituição e de a força de a seleção ";"";"";"1";"1";"0";
"84";"en o caso de a substituição de a forma típica de a mariposa - pimenta por a forma carbonária em bosques poluídos de a Inglaterra , é sabido que sua substituição levou cerca de um século . ";"1.0";"sua substituição ";" levou";"cerca de um século ";"";"";"1";"1";"1";
"85";"de os resultados de os experimentos de H B D Kettlewell sobre a mariposa - pimenta , podemos estimar que o ajustamento de o alelo para a coloração típica foi cerca de 47 % daquele de o alelo carbonária em bosques poluídos , por isso o ajustamento diferencial , ou força de seleção , foi de 0,53 . ";"1.0";"o ajustamento de o alelo para a coloração típica ";" foi";"47 % de o alelo carbonária ";"";"";"1";"1";"1";
"";"";"2.0";"o ajustamento de o alelo para a coloração típica ";" foi";"47 % de o alelo carbonária em bosques poluídos ";"";"";"1";"1";"1";
"";"";"3.0";"o ajustamento de o alelo para a coloração típica ";" foi";"47 % de o alelo carbonária em bosques poluídos , por isso o ajustamento diferencial , ou força de seleção , foi de 0,53 ";"";"";"1";"1";"1";
"";"";"4.0";"o ajustamento de o alelo para a coloração típica ";" foi";"em bosques poluídos ";"";"";"1";"1";"0";
"86";"Levando - se este valor a as equações que predizem o tempo requerido para substituição de alelo , revela - se que a mudança en a frequência de o alelo carbonária de 0,05 para 0,95 teria requerido 47 gerações , e uma mudança de 0,01 para 0,99 teria exigido 204 gerações . ";"1.0";"que ";" predizem";"tempo requerido para substituição de alelo ";"";"";"1";"1";"1";
"";"";"2.0";"o tempo ";" requerido";"para substituição de alelo ";"";"";"1";"1";"1";
"";"";"3.0";"a mudança en a frequência de o alelo carbonária de 0,05 para 0,95 ";" teria requerido";"47 gerações ";"";"";"1";"1";"1";
"";"";"4.0";"a mudança en a frequência de o alelo carbonária de 0,05 para 0,95 ";" teria requerido";"47 gerações , e uma mudança de 0,01 ";"";"";"1";"1";"1";
"";"";"5.0";"a mudança en a frequência de o alelo carbonária de 0,05 para 0,95 ";" teria requerido";"47 gerações , e uma mudança de 0,01 para 0,99 ";"";"";"1";"1";"1";
"";"";"6.0";"a mudança en a frequência de o alelo carbonária de 0,05 para 0,95 ";" teria requerido";"47 gerações , e uma mudança de 0,01 para 0,99 teria exigido 204 gerações ";"";"";"1";"1";"1";
"";"";"7.0";"a mudança en a frequência de o alelo carbonária de 0,05 para 0,95 ";" teria requerido";"47 gerações para 0,99 ";"";"";"1";"1";"0";
"";"";"8.0";"a mudança en a frequência de o alelo carbonária de 0,05 para 0,95 ";" teria requerido";"47 gerações teria exigido 204 gerações ";"";"";"1";"1";"0";
"87";"A mariposa - pimenta tem uma geração por ano , de tal forma que as equações de a genética populacional parecem consistentes com o curso de o tempo observado de a substituição genética ( de o gene ) , assumindo uma frequência inicial antes de a revolução industrial de cerca de 1 % . ";"1.0";"A mariposa - pimenta ";" tem";"uma geração por ano ";"";"";"1";"1";"1";
"";"";"2.0";"A mariposa - pimenta ";" tem";"uma geração por ano , de tal forma ";"";"";"1";"1";"1";
"";"";"3.0";"as equações de a genética populacional ";" parecem";"consistentes com o curso de o tempo ";"";"";"1";"1";"1";
"";"";"4.0";"as equações de a genética populacional ";" parecem";"consistentes com o curso de o tempo observado de a substituição genética ( de o gene ) ";"";"";"1";"1";"1";
"";"";"5.0";"as equações de a genética populacional ";" parecem";"consistentes com o curso de o tempo observado de a substituição genética ( de o gene ) , assumindo uma frequência inicial antes de a revolução industrial de cerca de 1 % ";"";"";"1";"1";"1";
"88";"Tivesse a seleção somente um décimo de a força , a mesma mudança en a frequência teria requerido um tempo 10 vezes mais longo . ";"1.0";"a seleção ";" teria requerido";"mais longo ";"";"";"1";"1";"1";
"";"";"2.0";"a mesma mudança en a frequência ";" teria requerido";"mais longo ";"";"";"1";"1";"1";
"89";"As mesmas equações podem ser rearranjadas e usadas para estimar diferenciais de ajustamento de as mudanças en a frequência genética . ";"1.0";"As mesmas equações ";" podem ser rearranjadas";"para estimar diferenciais de ajustamento de as mudanças ";"";"";"1";"1";"1";
"";"";"2.0";"As mesmas equações ";" podem ser rearranjadas";"para estimar diferenciais de ajustamento de as mudanças en a frequência genética ";"";"";"1";"1";"1";
"";"";"3.0";"As mesmas equações ";" podem ser rearranjadas";"en a frequência genética ";"";"";"1";"1";"0";
"90";"Por exemplo , desde a introdução de os programas de controle de a poluição en a Inglaterra , a frequência de o alelo carbonária tem diminuído em uma taxa persistente com uma desvantagem seletiva de 12 % . ";"1.0";"a frequência de o alelo carbonária ";" tem diminuído";"em uma taxa persistente ";"";"";"1";"1";"1";
"";"";"2.0";"a frequência de o alelo carbonária ";" tem diminuído";"em uma taxa persistente com uma desvantagem seletiva de 12 % ";"";"";"1";"1";"1";
"";"";"3.0";"a frequência de o alelo carbonária ";" tem diminuído";"Por exemplo ";"";"";"1";"1";"1";
"";"";"4.0";"a frequência de o alelo carbonária ";" tem diminuído";"Por exemplo , desde a introdução de os programas de controle de a poluição ";"";"";"1";"1";"1";
"";"";"5.0";"a frequência de o alelo carbonária ";" tem diminuído";"Por exemplo , desde a introdução de os programas de controle de a poluição en a Inglaterra ";"";"";"1";"1";"1";
"";"";"6.0";"a frequência de o alelo carbonária ";" tem diminuído";"com uma desvantagem seletiva de 12 % ";"";"";"1";"1";"0";
"91";"Os registros de 100 anos de as raposas prateadas e vermelhas capturadas em armadilhas pêlos postos de a missão moraviana * en o Labrador ( 1834 a 1933 ) mostram que a proporção de raposas prateadas capturadas decresceu de cerca de 0,15 para 0,05 durante aquele período . ";"1.0";"Os registros de 100 anos de as raposas capturadas prateadas e vermelhas em armadilhas pêlos ";" mostram";"* en o Labrador ( 1834 a 1933 ";"";"";"1";"1";"1";
"";"";"2.0";"Os registros de 100 anos de as raposas capturadas prateadas e vermelhas em armadilhas pêlos ";" mostram";"* en o Labrador ( 1834 a 1933 ) ";"";"";"1";"1";"1";
"";"";"3.0";"a proporção de raposas prateadas capturadas ";" decresceu";"de cerca de 0,15 ";"";"";"1";"1";"1";
"";"";"4.0";"a proporção de raposas prateadas capturadas ";" decresceu";"de cerca de 0,15 para 0,05 ";"";"";"1";"1";"1";
"";"";"5.0";"a proporção de raposas prateadas capturadas ";" decresceu";"de cerca de 0,15 para 0,05 durante aquele período ";"";"";"1";"1";"1";
"";"";"6.0";"a proporção de raposas prateadas capturadas ";" decresceu";"para 0,05 ";"";"";"1";"1";"0";
"";"";"7.0";"a proporção de raposas prateadas capturadas ";" decresceu";"durante aquele período ";"";"";"1";"1";"0";
"92";"Como a pele prateada é um fenótipo recessivo , a frequência de o genótipo é igual a q2 , e a frequência de o alelo prateado ( q ) deve ter diminuído de 0,39 para 0,22 em um período de 100 anos . ";"1.0";"a pele prateada ";" é um fenótipo";"recessivo ";"";"";"1";"1";"1";
"";"";"2.0";"a frequência de o genótipo ";" é";"igual a q2 ";"";"";"1";"1";"1";
"";"";"3.0";"a frequência de o genótipo ";" é";"igual a q2 , e a frequência de o alelo prateado ";"";"";"1";"1";"1";
"";"";"4.0";"a pele prateada ";" é";"um fenótipo recessivo ";"";"";"1";"5";"1";
"93";"";"";"";"";"";"";"";"";"";
